Fecha,Pais,Distribuido,Marca,Operador,Cantidad
18/6/2013,Colombia,Saga Falabella,Samsung,Claro,12
29/7/2013,Venezuela,Saga Falabella,LG,Claro,12
19/8/2011,Uruguay,Oeschle,Samsung,Claro,1
22/7/2012,Colombia,Plaza Vea,Nokia,Claro,14
10/5/2013,Brasil,Metro,LG,Entel,85
25/12/2010,Cuba,Tottus,Samsung,Tuenti,99
12/5/2014,España,Metro,LG,Bitel,67
12/3/2011,España,Ripley,LG,Bitel,16
7/7/2011,México,Saga Falabella,Apple,Bitel,16
10/9/2010,Canadá,Metro,Samsung,Movistar,10
28/7/2010,Colombia,Tottus,Samsung,Movistar,15
12/4/2010,Bolivia,Plaza Vea,Nokia,Tuenti,132
14/5/2013,Irlanda,Plaza Vea,Motorola,Movistar,6
16/8/2013,Chile,Tottus,Samsung,Entel,110
20/5/2012,Francia,Plaza Vea,Motorola,Bitel,18
4/11/2014,México,Oeschle,Nokia,Tuenti,82
9/4/2012,Cuba,Oeschle,Nokia,Tuenti,40
30/12/2012,Alemania,Oeschle,LG,Claro,79
29/6/2010,Estados Unidos,Plaza Vea,Nokia,Claro,50
28/4/2011,Irlanda,Metro,LG,Claro,1
26/8/2014,Dinamarca,Ripley,Samsung,Entel,64
15/8/2012,Alemania,Oeschle,LG,Tuenti,26
2/3/2012,El Salvador,Oeschle,Samsung,Claro,39
10/10/2012,Argentina,Ripley,LG,Claro,7
19/9/2011,Estados Unidos,Saga Falabella,Apple,Tuenti,16
10/12/2014,Irlanda,Oeschle,LG,Bitel,121
11/9/2012,Colombia,Tottus,Motorola,Bitel,178
17/6/2010,Alemania,Metro,Motorola,Bitel,41
2/12/2010,El Salvador,Oeschle,Motorola,Tuenti,75
3/8/2010,Jamaica,Oeschle,Samsung,Movistar,37
1/4/2013,Alemania,Metro,LG,Entel,58
23/3/2012,Bolivia,Plaza Vea,LG,Claro,34
26/7/2014,Cuba,Oeschle,LG,Tuenti,220
15/4/2011,El Salvador,Plaza Vea,Huawei,Movistar,17
24/9/2014,Bolivia,Tottus,LG,Bitel,128
10/3/2010,España,Saga Falabella,Huawei,Tuenti,39
22/12/2010,Guatemala,Plaza Vea,Apple,Bitel,60
29/12/2013,Irlanda,Saga Falabella,LG,Claro,13
22/11/2012,Alemania,Saga Falabella,Motorola,Claro,13
27/7/2011,Dinamarca,Tottus,LG,Tuenti,61
30/5/2011,Colombia,Oeschle,Nokia,Movistar,45
31/7/2010,Argentina,Saga Falabella,Apple,Claro,16
1/11/2014,Portugal,Plaza Vea,Motorola,Movistar,35
15/9/2013,México,Metro,LG,Movistar,28
15/2/2011,Chile,Oeschle,Samsung,Bitel,41
16/5/2014,Brasil,Plaza Vea,LG,Bitel,23
5/2/2010,Colombia,Saga Falabella,Nokia,Entel,8
21/1/2013,Uruguay,Plaza Vea,LG,Bitel,26
7/12/2011,Jamaica,Metro,LG,Claro,52
18/4/2011,Argentina,Metro,Samsung,Entel,114
8/1/2013,Colombia,Oeschle,Samsung,Claro,91
17/5/2013,Colombia,Metro,Nokia,Tuenti,102
23/2/2012,Inglaterra,Saga Falabella,Nokia,Movistar,4
2/10/2013,El Salvador,Oeschle,LG,Movistar,18
5/9/2011,Paraguay,Tottus,Huawei,Tuenti,28
19/8/2014,Colombia,Saga Falabella,Apple,Entel,31
16/7/2013,México,Saga Falabella,Samsung,Movistar,2
26/9/2014,Brasil,Metro,Samsung,Claro,30
7/1/2014,El Salvador,Tottus,LG,Claro,67
27/7/2014,España,Metro,Nokia,Movistar,3
19/2/2011,México,Saga Falabella,Samsung,Tuenti,11
23/8/2014,Colombia,Metro,Apple,Entel,44
26/10/2011,Perú,Ripley,LG,Bitel,9
22/11/2011,Inglaterra,Oeschle,Nokia,Claro,78
8/4/2012,Portugal,Tottus,Samsung,Tuenti,140
21/5/2012,Alemania,Plaza Vea,LG,Bitel,64
17/2/2014,Uruguay,Metro,Samsung,Tuenti,111
13/4/2013,Brasil,Metro,Apple,Entel,92
11/4/2011,El Salvador,Tottus,Samsung,Movistar,51
18/4/2013,Perú,Metro,LG,Entel,34
7/9/2011,España,Tottus,LG,Tuenti,139
27/6/2010,Brasil,Metro,Apple,Tuenti,86
7/11/2013,Perú,Ripley,Samsung,Claro,15
23/4/2014,Paraguay,Tottus,Huawei,Movistar,46
13/2/2010,Paraguay,Oeschle,Motorola,Movistar,4
9/6/2013,Inglaterra,Plaza Vea,Samsung,Movistar,16
31/10/2013,Irlanda,Metro,Samsung,Bitel,53
29/12/2012,Chile,Tottus,Samsung,Bitel,15
10/6/2013,Colombia,Tottus,LG,Bitel,16
25/12/2011,Portugal,Saga Falabella,LG,Entel,1
5/2/2011,Francia,Oeschle,Apple,Bitel,117
21/9/2013,Bolivia,Tottus,Huawei,Movistar,29
6/10/2010,Irlanda,Ripley,Apple,Entel,55
16/1/2011,Cuba,Ripley,Huawei,Movistar,1
5/9/2010,España,Oeschle,LG,Movistar,6
7/6/2014,Canadá,Saga Falabella,LG,Bitel,20
12/11/2012,Venezuela,Saga Falabella,Apple,Claro,12
21/2/2013,Paraguay,Metro,Apple,Claro,33
23/9/2014,Suiza,Metro,Nokia,Tuenti,64
2/4/2011,Paraguay,Plaza Vea,Motorola,Movistar,1
28/2/2011,Paraguay,Plaza Vea,Samsung,Claro,9
1/2/2014,Chile,Saga Falabella,Nokia,Tuenti,23
15/1/2013,Colombia,Plaza Vea,Motorola,Bitel,56
1/6/2013,Uruguay,Metro,Samsung,Movistar,25
20/7/2011,Guatemala,Plaza Vea,Motorola,Claro,51
12/5/2014,Alemania,Metro,Apple,Bitel,63
13/7/2012,Cuba,Saga Falabella,Samsung,Movistar,1
23/2/2014,Chile,Ripley,Apple,Tuenti,60
21/11/2011,Irlanda,Metro,LG,Entel,56
5/8/2011,Uruguay,Oeschle,Samsung,Entel,171
7/12/2013,Venezuela,Oeschle,Huawei,Tuenti,3
15/7/2013,Venezuela,Tottus,Apple,Entel,24
10/5/2011,Canadá,Tottus,Samsung,Movistar,50
12/7/2013,México,Ripley,Samsung,Tuenti,79
14/8/2013,México,Oeschle,Apple,Bitel,114
10/10/2010,El Salvador,Saga Falabella,LG,Claro,5
17/3/2011,Paraguay,Ripley,LG,Entel,8
11/11/2012,Canadá,Oeschle,Huawei,Tuenti,188
2/8/2011,Colombia,Saga Falabella,Samsung,Claro,6
12/9/2013,Portugal,Saga Falabella,Motorola,Movistar,4
17/6/2014,México,Tottus,Nokia,Claro,39
12/1/2014,Guatemala,Oeschle,Nokia,Bitel,134
18/4/2010,Canadá,Metro,Samsung,Bitel,59
29/7/2013,El Salvador,Plaza Vea,Samsung,Bitel,8
3/4/2014,Venezuela,Tottus,Nokia,Bitel,136
16/3/2011,Dinamarca,Saga Falabella,Motorola,Claro,2
23/9/2010,Inglaterra,Metro,Motorola,Movistar,28
31/7/2014,El Salvador,Ripley,LG,Entel,18
12/3/2012,El Salvador,Metro,Huawei,Movistar,28
28/10/2012,Venezuela,Ripley,LG,Bitel,9
21/8/2010,Chile,Ripley,LG,Movistar,14
11/3/2010,Uruguay,Saga Falabella,Apple,Entel,33
30/3/2013,Brasil,Plaza Vea,Samsung,Entel,33
10/12/2010,Perú,Metro,LG,Entel,18
24/3/2013,Perú,Plaza Vea,Huawei,Tuenti,85
22/6/2011,Portugal,Tottus,Samsung,Tuenti,82
16/9/2010,Venezuela,Metro,Samsung,Bitel,70
8/9/2011,Guatemala,Ripley,LG,Claro,5
12/2/2012,Bolivia,Plaza Vea,Nokia,Movistar,16
3/8/2011,Colombia,Oeschle,Motorola,Claro,26
1/7/2012,Canadá,Oeschle,Apple,Entel,1
3/9/2013,Venezuela,Saga Falabella,Nokia,Entel,7
1/6/2014,Argentina,Saga Falabella,Huawei,Tuenti,29
8/10/2014,Dinamarca,Ripley,LG,Claro,17
7/1/2014,Alemania,Saga Falabella,LG,Claro,3
28/4/2014,Inglaterra,Tottus,LG,Tuenti,149
13/8/2014,Brasil,Ripley,Samsung,Tuenti,71
4/1/2012,Francia,Tottus,Samsung,Claro,86
29/9/2014,Uruguay,Plaza Vea,Huawei,Bitel,2
31/7/2011,Brasil,Oeschle,Nokia,Claro,6
24/7/2012,Canadá,Tottus,Samsung,Claro,83
10/8/2010,Brasil,Saga Falabella,Apple,Claro,6
20/12/2010,Cuba,Saga Falabella,Huawei,Tuenti,35
6/10/2014,Canadá,Saga Falabella,Motorola,Bitel,2
21/6/2011,Irlanda,Oeschle,Samsung,Bitel,57
19/3/2014,Uruguay,Ripley,Apple,Entel,39
4/7/2014,Suiza,Metro,LG,Tuenti,148
16/12/2010,Irlanda,Tottus,LG,Movistar,57
4/12/2013,España,Metro,LG,Tuenti,40
11/10/2011,El Salvador,Saga Falabella,Apple,Tuenti,24
29/10/2011,Dinamarca,Plaza Vea,Samsung,Tuenti,49
1/8/2010,Estados Unidos,Ripley,Samsung,Movistar,13
25/4/2011,Irlanda,Saga Falabella,Nokia,Movistar,6
12/1/2010,Guatemala,Metro,LG,Claro,56
3/8/2012,Paraguay,Oeschle,Apple,Movistar,35
6/10/2013,Estados Unidos,Tottus,Samsung,Claro,5
19/1/2014,Colombia,Oeschle,Samsung,Entel,149
24/4/2010,Alemania,Tottus,LG,Entel,66
31/10/2010,Chile,Ripley,Apple,Tuenti,98
7/7/2010,Suiza,Metro,LG,Movistar,14
9/2/2011,Suiza,Ripley,LG,Tuenti,81
19/4/2014,Francia,Tottus,Samsung,Bitel,53
9/5/2012,Brasil,Oeschle,Huawei,Entel,4
7/2/2011,Estados Unidos,Metro,LG,Bitel,74
3/1/2014,Guatemala,Plaza Vea,Nokia,Entel,18
12/3/2013,Argentina,Metro,LG,Bitel,24
2/6/2011,México,Plaza Vea,LG,Movistar,3
27/3/2014,Estados Unidos,Saga Falabella,Huawei,Tuenti,29
9/1/2014,El Salvador,Ripley,Nokia,Bitel,12
23/8/2012,Paraguay,Plaza Vea,Samsung,Movistar,39
7/6/2014,Irlanda,Plaza Vea,LG,Movistar,25
23/11/2012,México,Metro,LG,Movistar,8
12/6/2013,Cuba,Oeschle,Nokia,Movistar,11
25/9/2014,Inglaterra,Metro,LG,Movistar,23
28/8/2011,Guatemala,Metro,LG,Entel,118
2/8/2011,México,Ripley,Nokia,Movistar,3
26/10/2011,Colombia,Ripley,Samsung,Entel,42
6/9/2012,Chile,Tottus,Motorola,Claro,56
8/10/2012,Portugal,Metro,Samsung,Entel,2
29/9/2014,Francia,Metro,Motorola,Movistar,18
22/5/2013,Dinamarca,Metro,Huawei,Claro,28
20/12/2011,Uruguay,Metro,Nokia,Tuenti,33
21/12/2010,Canadá,Saga Falabella,LG,Tuenti,24
26/10/2011,Alemania,Tottus,LG,Bitel,62
6/9/2012,Irlanda,Tottus,Huawei,Tuenti,33
18/11/2014,Perú,Ripley,Nokia,Tuenti,31
11/7/2011,Francia,Tottus,Nokia,Bitel,83
17/10/2014,Francia,Oeschle,Nokia,Claro,94
13/12/2010,Dinamarca,Ripley,Samsung,Movistar,17
9/6/2010,El Salvador,Ripley,Apple,Tuenti,86
1/6/2011,España,Saga Falabella,Huawei,Movistar,1
22/4/2010,El Salvador,Metro,Samsung,Tuenti,36
17/3/2013,Colombia,Oeschle,Huawei,Entel,125
28/11/2010,Inglaterra,Ripley,Nokia,Bitel,1
14/5/2011,Canadá,Ripley,Apple,Bitel,55
27/8/2010,Uruguay,Oeschle,Samsung,Entel,36
23/11/2012,Irlanda,Oeschle,Huawei,Bitel,11
24/7/2010,Chile,Oeschle,Samsung,Claro,38
23/7/2011,Paraguay,Oeschle,Huawei,Tuenti,107
23/4/2013,Chile,Saga Falabella,Nokia,Bitel,17
20/9/2010,Argentina,Tottus,Apple,Bitel,161
11/10/2011,España,Ripley,Huawei,Tuenti,92
15/1/2012,Francia,Saga Falabella,Motorola,Claro,16
10/10/2013,México,Metro,LG,Movistar,6
21/5/2011,Guatemala,Saga Falabella,Apple,Movistar,1
23/10/2011,Francia,Ripley,Motorola,Bitel,27
18/2/2013,Estados Unidos,Tottus,LG,Bitel,43
2/10/2013,Alemania,Tottus,Apple,Entel,83
31/3/2011,Portugal,Ripley,Motorola,Bitel,31
21/2/2013,Colombia,Oeschle,Nokia,Claro,83
3/3/2011,Portugal,Ripley,Samsung,Tuenti,5
11/10/2014,Guatemala,Tottus,Nokia,Movistar,57
2/2/2011,España,Oeschle,Apple,Entel,53
14/2/2010,Colombia,Ripley,Nokia,Movistar,2
27/3/2011,México,Metro,Samsung,Claro,48
5/4/2010,Cuba,Oeschle,Samsung,Bitel,92
25/5/2013,Jamaica,Oeschle,LG,Bitel,115
8/12/2010,Alemania,Metro,Motorola,Entel,116
24/9/2011,Portugal,Plaza Vea,Samsung,Movistar,7
8/7/2010,Inglaterra,Ripley,Samsung,Bitel,40
10/8/2014,Argentina,Plaza Vea,LG,Tuenti,118
18/7/2011,Dinamarca,Tottus,Nokia,Bitel,14
12/9/2013,Cuba,Oeschle,Huawei,Claro,5
25/4/2011,Bolivia,Metro,Apple,Claro,56
4/2/2012,Chile,Saga Falabella,Huawei,Claro,3
27/8/2014,Paraguay,Saga Falabella,Apple,Claro,16
11/10/2013,Argentina,Plaza Vea,Apple,Claro,70
9/12/2011,Alemania,Ripley,Samsung,Movistar,7
30/11/2012,Inglaterra,Ripley,Motorola,Entel,9
13/3/2013,Dinamarca,Tottus,Motorola,Claro,68
24/6/2014,Guatemala,Saga Falabella,Apple,Movistar,9
13/4/2012,Chile,Saga Falabella,Motorola,Tuenti,5
27/3/2012,Chile,Saga Falabella,Huawei,Tuenti,17
31/7/2010,Inglaterra,Saga Falabella,Samsung,Tuenti,45
17/9/2013,Suiza,Oeschle,LG,Entel,133
17/8/2010,Paraguay,Tottus,Samsung,Entel,125
29/6/2011,Estados Unidos,Ripley,Huawei,Bitel,1
30/8/2012,Cuba,Plaza Vea,Samsung,Claro,64
25/1/2011,Portugal,Oeschle,Samsung,Entel,44
27/8/2011,Irlanda,Saga Falabella,Motorola,Claro,8
27/4/2010,Irlanda,Oeschle,Motorola,Tuenti,17
8/2/2010,Dinamarca,Plaza Vea,Nokia,Movistar,21
7/2/2010,Argentina,Ripley,Nokia,Entel,48
15/9/2010,Canadá,Ripley,LG,Claro,38
17/7/2010,Jamaica,Oeschle,Huawei,Claro,98
24/2/2014,Brasil,Oeschle,Apple,Bitel,8
16/5/2010,Guatemala,Tottus,Samsung,Entel,26
15/6/2011,Estados Unidos,Oeschle,LG,Bitel,20
2/2/2011,Bolivia,Tottus,LG,Bitel,135
19/3/2010,Chile,Tottus,Apple,Movistar,37
3/12/2014,Argentina,Saga Falabella,Nokia,Entel,1
23/9/2012,Bolivia,Metro,Motorola,Entel,86
31/3/2011,Bolivia,Ripley,LG,Bitel,19
18/4/2014,Bolivia,Ripley,Nokia,Entel,22
31/1/2013,México,Saga Falabella,Samsung,Bitel,11
20/1/2011,Perú,Oeschle,LG,Bitel,82
18/1/2013,Portugal,Tottus,Samsung,Tuenti,62
21/2/2012,Guatemala,Tottus,Huawei,Entel,34
31/5/2012,El Salvador,Saga Falabella,Apple,Tuenti,34
3/8/2012,Dinamarca,Metro,Nokia,Entel,70
26/5/2011,Inglaterra,Ripley,Samsung,Movistar,11
3/3/2014,Dinamarca,Saga Falabella,Motorola,Tuenti,12
13/5/2012,Portugal,Saga Falabella,Motorola,Claro,15
16/2/2014,Inglaterra,Ripley,Apple,Bitel,44
30/3/2014,Venezuela,Plaza Vea,Samsung,Movistar,38
27/9/2014,El Salvador,Tottus,LG,Entel,66
25/6/2010,Argentina,Tottus,Huawei,Movistar,28
23/8/2013,Alemania,Saga Falabella,Samsung,Entel,17
14/12/2011,Irlanda,Metro,LG,Tuenti,149
11/2/2011,Colombia,Metro,Huawei,Tuenti,123
20/11/2010,Francia,Metro,Samsung,Bitel,46
28/11/2014,México,Oeschle,Samsung,Bitel,44
6/8/2012,Jamaica,Oeschle,LG,Tuenti,211
17/10/2013,Paraguay,Saga Falabella,LG,Tuenti,31
17/1/2012,Irlanda,Tottus,Apple,Entel,77
1/6/2010,Venezuela,Ripley,Apple,Claro,13
18/12/2012,México,Saga Falabella,Motorola,Entel,20
11/10/2012,Cuba,Metro,Samsung,Movistar,6
1/7/2013,Brasil,Metro,Apple,Movistar,19
1/7/2012,Argentina,Saga Falabella,Nokia,Claro,19
3/2/2014,Irlanda,Tottus,Samsung,Bitel,97
5/1/2014,Estados Unidos,Oeschle,Huawei,Bitel,97
18/3/2010,Dinamarca,Ripley,Apple,Tuenti,64
4/4/2011,Brasil,Metro,Apple,Movistar,12
15/4/2011,México,Tottus,LG,Bitel,115
24/5/2010,Colombia,Metro,Apple,Tuenti,89
22/11/2012,Estados Unidos,Ripley,Nokia,Movistar,3
27/12/2010,Portugal,Metro,LG,Claro,36
1/7/2014,Canadá,Plaza Vea,LG,Movistar,36
2/5/2011,Bolivia,Tottus,Apple,Entel,128
18/1/2011,México,Saga Falabella,Samsung,Claro,13
28/11/2014,Guatemala,Saga Falabella,Nokia,Movistar,5
30/7/2013,Brasil,Ripley,Motorola,Tuenti,38
23/9/2011,Inglaterra,Ripley,Nokia,Tuenti,46
24/11/2013,Perú,Tottus,LG,Claro,76
9/1/2014,Uruguay,Plaza Vea,LG,Bitel,11
9/9/2012,Estados Unidos,Saga Falabella,Samsung,Movistar,6
14/12/2011,Chile,Metro,LG,Movistar,28
14/6/2011,Bolivia,Tottus,Apple,Entel,172
8/3/2014,Brasil,Saga Falabella,LG,Bitel,20
14/10/2010,Alemania,Ripley,LG,Entel,4
18/11/2013,Paraguay,Plaza Vea,Apple,Entel,141
16/5/2012,México,Saga Falabella,Motorola,Claro,6
19/3/2014,Chile,Ripley,Samsung,Tuenti,46
31/10/2012,Jamaica,Oeschle,Apple,Tuenti,50
24/4/2010,Canadá,Metro,Apple,Tuenti,91
2/9/2010,Cuba,Tottus,Apple,Movistar,3
18/4/2014,Perú,Plaza Vea,LG,Movistar,14
16/4/2010,Suiza,Ripley,LG,Bitel,31
18/4/2014,Estados Unidos,Saga Falabella,Huawei,Entel,10
25/12/2014,Colombia,Saga Falabella,Samsung,Movistar,3
13/5/2010,Argentina,Ripley,Apple,Bitel,22
17/2/2012,Perú,Saga Falabella,Samsung,Bitel,4
10/6/2014,México,Tottus,Motorola,Entel,27
17/12/2014,Alemania,Saga Falabella,Samsung,Claro,1
21/4/2011,Inglaterra,Oeschle,Huawei,Movistar,15
27/9/2014,Irlanda,Tottus,Nokia,Claro,5
10/5/2013,Francia,Ripley,Motorola,Movistar,9
18/6/2012,Jamaica,Tottus,Huawei,Tuenti,44
18/7/2011,Cuba,Saga Falabella,Nokia,Entel,1
19/4/2012,México,Metro,LG,Tuenti,23
2/12/2011,Brasil,Tottus,Nokia,Claro,39
9/9/2013,Canadá,Saga Falabella,Samsung,Entel,29
9/9/2010,Bolivia,Ripley,Nokia,Tuenti,90
1/1/2011,Perú,Metro,Nokia,Bitel,70
2/7/2014,Bolivia,Saga Falabella,LG,Claro,2
17/2/2011,Irlanda,Plaza Vea,Nokia,Entel,68
27/8/2011,México,Oeschle,Nokia,Tuenti,149
19/4/2014,Uruguay,Oeschle,Samsung,Tuenti,69
26/6/2011,Uruguay,Saga Falabella,Apple,Entel,27
21/7/2011,Dinamarca,Tottus,Apple,Claro,3
5/5/2011,Jamaica,Tottus,Apple,Entel,173
9/3/2014,Uruguay,Tottus,LG,Bitel,169
2/8/2011,Guatemala,Tottus,Huawei,Claro,52
28/2/2013,Perú,Ripley,LG,Movistar,19
8/5/2012,Estados Unidos,Metro,Nokia,Tuenti,43
27/9/2010,Suiza,Ripley,Apple,Tuenti,47
8/7/2012,Chile,Metro,Samsung,Bitel,65
6/10/2010,España,Ripley,Nokia,Tuenti,3
11/6/2014,Cuba,Tottus,Samsung,Movistar,59
10/8/2010,Alemania,Plaza Vea,LG,Bitel,70
22/12/2012,El Salvador,Tottus,Huawei,Movistar,20
6/1/2013,Uruguay,Saga Falabella,Motorola,Movistar,6
27/7/2011,Irlanda,Tottus,LG,Tuenti,31
22/7/2013,España,Ripley,Huawei,Tuenti,11
8/2/2013,Bolivia,Metro,Motorola,Entel,108
14/6/2014,Paraguay,Plaza Vea,Samsung,Bitel,54
30/3/2010,Francia,Saga Falabella,LG,Movistar,4
25/1/2013,Chile,Oeschle,Apple,Claro,75
30/12/2011,Dinamarca,Saga Falabella,Huawei,Entel,10
28/7/2014,Colombia,Saga Falabella,Samsung,Movistar,1
7/6/2014,Canadá,Saga Falabella,Samsung,Movistar,7
10/5/2013,Colombia,Tottus,LG,Bitel,161
18/10/2011,Chile,Oeschle,Motorola,Tuenti,36
12/10/2013,Guatemala,Tottus,Huawei,Entel,17
27/9/2013,Venezuela,Plaza Vea,Apple,Entel,114
7/12/2011,Estados Unidos,Tottus,LG,Tuenti,68
26/5/2014,Suiza,Oeschle,LG,Movistar,1
19/4/2011,Brasil,Tottus,LG,Claro,16
26/1/2014,España,Saga Falabella,Samsung,Bitel,25
4/4/2010,Suiza,Plaza Vea,Motorola,Movistar,8
29/7/2010,Brasil,Tottus,Nokia,Entel,57
5/8/2014,Irlanda,Oeschle,Motorola,Tuenti,131
25/12/2014,Irlanda,Ripley,Motorola,Bitel,27
17/8/2013,México,Saga Falabella,Samsung,Bitel,22
13/2/2014,Dinamarca,Saga Falabella,Apple,Entel,28
4/3/2012,Brasil,Plaza Vea,Huawei,Tuenti,67
17/4/2011,Canadá,Oeschle,Samsung,Movistar,16
7/3/2013,Venezuela,Oeschle,Samsung,Entel,193
2/8/2010,El Salvador,Ripley,Huawei,Tuenti,98
17/11/2012,Perú,Metro,Nokia,Claro,49
15/7/2014,El Salvador,Oeschle,Motorola,Claro,60
8/11/2013,España,Tottus,Samsung,Bitel,31
18/1/2013,Suiza,Tottus,Apple,Claro,74
17/12/2010,Jamaica,Metro,Samsung,Claro,28
28/1/2014,Inglaterra,Ripley,Samsung,Movistar,14
25/4/2012,Alemania,Saga Falabella,LG,Bitel,7
5/10/2014,Perú,Metro,Motorola,Bitel,60
20/1/2014,Venezuela,Plaza Vea,Nokia,Claro,51
19/11/2010,Paraguay,Saga Falabella,Samsung,Claro,18
10/5/2011,Bolivia,Saga Falabella,Huawei,Movistar,1
7/8/2013,Guatemala,Metro,Motorola,Tuenti,147
25/8/2010,Uruguay,Oeschle,LG,Bitel,126
1/2/2013,Canadá,Plaza Vea,Nokia,Bitel,107
26/2/2013,Irlanda,Saga Falabella,Nokia,Tuenti,36
3/3/2013,Irlanda,Metro,LG,Claro,18
1/1/2012,Argentina,Oeschle,LG,Claro,1
11/9/2012,Uruguay,Plaza Vea,Samsung,Movistar,26
18/4/2012,Chile,Oeschle,Apple,Movistar,47
9/5/2013,Argentina,Tottus,Samsung,Movistar,22
6/2/2014,Perú,Oeschle,LG,Tuenti,175
7/8/2010,Estados Unidos,Metro,LG,Tuenti,81
30/5/2014,España,Saga Falabella,LG,Tuenti,6
10/3/2012,El Salvador,Saga Falabella,Motorola,Movistar,2
28/10/2012,Alemania,Tottus,Apple,Tuenti,64
4/9/2013,Portugal,Tottus,Samsung,Movistar,51
1/10/2012,México,Ripley,LG,Tuenti,10
9/1/2014,Inglaterra,Oeschle,Motorola,Claro,96
4/3/2012,Brasil,Oeschle,Samsung,Movistar,49
8/7/2011,Canadá,Tottus,LG,Tuenti,214
28/2/2010,Jamaica,Tottus,Motorola,Movistar,22
19/4/2013,Argentina,Metro,Samsung,Entel,75
8/9/2010,Bolivia,Ripley,LG,Tuenti,18
3/5/2011,Paraguay,Saga Falabella,Motorola,Claro,16
13/11/2011,Uruguay,Saga Falabella,Motorola,Claro,6
9/2/2012,Colombia,Oeschle,Samsung,Movistar,16
15/4/2014,Canadá,Metro,Motorola,Bitel,46
12/11/2012,El Salvador,Saga Falabella,Huawei,Entel,37
16/1/2014,España,Plaza Vea,Apple,Movistar,13
18/10/2010,Inglaterra,Tottus,LG,Tuenti,267
26/10/2013,Uruguay,Metro,Motorola,Tuenti,93
15/8/2012,México,Tottus,Huawei,Entel,88
14/11/2014,Bolivia,Ripley,Apple,Bitel,22
7/6/2010,España,Plaza Vea,LG,Bitel,54
21/3/2013,Jamaica,Ripley,LG,Bitel,56
1/8/2014,Colombia,Tottus,Motorola,Claro,78
1/5/2011,Francia,Metro,Nokia,Tuenti,54
9/9/2014,El Salvador,Oeschle,Huawei,Entel,74
7/8/2014,Perú,Metro,Nokia,Entel,8
28/3/2013,México,Saga Falabella,Huawei,Entel,11
21/8/2013,Bolivia,Metro,LG,Bitel,89
26/7/2010,Chile,Oeschle,Motorola,Claro,83
29/3/2010,España,Tottus,Motorola,Bitel,24
18/12/2012,Suiza,Ripley,Samsung,Bitel,26
4/4/2010,Argentina,Ripley,Nokia,Bitel,6
7/8/2011,Brasil,Metro,LG,Claro,24
19/6/2010,Portugal,Metro,Apple,Tuenti,135
26/6/2012,Perú,Saga Falabella,Motorola,Movistar,9
27/2/2013,Brasil,Saga Falabella,Huawei,Movistar,8
9/6/2010,Uruguay,Oeschle,Apple,Movistar,40
14/8/2010,Jamaica,Plaza Vea,LG,Claro,58
23/12/2011,Chile,Ripley,Apple,Bitel,14
11/1/2010,Cuba,Oeschle,Apple,Entel,178
12/8/2014,Guatemala,Metro,Motorola,Claro,46
21/2/2012,Cuba,Saga Falabella,Apple,Tuenti,39
23/9/2014,Bolivia,Oeschle,Samsung,Entel,194
28/9/2012,El Salvador,Metro,Samsung,Tuenti,76
10/7/2011,Chile,Saga Falabella,Samsung,Bitel,5
25/9/2011,Paraguay,Plaza Vea,Huawei,Tuenti,32
16/8/2010,Paraguay,Tottus,Huawei,Claro,116
7/5/2011,Suiza,Tottus,Samsung,Bitel,125
31/12/2012,Portugal,Oeschle,LG,Entel,86
7/1/2010,Paraguay,Metro,Nokia,Entel,111
27/2/2011,Canadá,Tottus,Samsung,Bitel,65
18/3/2013,Portugal,Ripley,LG,Bitel,51
12/4/2011,Canadá,Plaza Vea,Samsung,Movistar,31
14/7/2010,Brasil,Tottus,LG,Movistar,45
25/8/2011,Dinamarca,Oeschle,Nokia,Bitel,113
23/9/2012,Chile,Oeschle,Samsung,Claro,37
18/12/2010,Francia,Oeschle,Huawei,Movistar,29
3/2/2014,Chile,Oeschle,Huawei,Tuenti,211
2/12/2011,Suiza,Plaza Vea,Motorola,Claro,10
1/10/2014,El Salvador,Plaza Vea,LG,Claro,45
18/11/2011,Inglaterra,Ripley,Samsung,Claro,7
19/8/2013,Francia,Tottus,Samsung,Bitel,136
17/11/2014,Argentina,Metro,LG,Tuenti,15
2/9/2014,Paraguay,Plaza Vea,Nokia,Tuenti,74
6/2/2013,Brasil,Plaza Vea,Huawei,Movistar,25
29/1/2010,Irlanda,Saga Falabella,Samsung,Entel,11
25/9/2012,Dinamarca,Plaza Vea,LG,Claro,79
31/1/2012,Dinamarca,Plaza Vea,Apple,Tuenti,69
24/3/2013,Portugal,Saga Falabella,Apple,Entel,14
8/7/2010,México,Ripley,LG,Claro,29
19/3/2012,Estados Unidos,Tottus,Motorola,Bitel,172
3/4/2010,Uruguay,Plaza Vea,LG,Entel,60
16/6/2012,Inglaterra,Oeschle,LG,Bitel,46
13/9/2013,Canadá,Plaza Vea,LG,Claro,27
15/3/2014,México,Saga Falabella,Apple,Bitel,14
26/7/2010,Paraguay,Oeschle,LG,Bitel,75
8/5/2013,Francia,Ripley,LG,Claro,39
13/9/2011,Dinamarca,Saga Falabella,Samsung,Claro,12
8/9/2011,Irlanda,Ripley,LG,Tuenti,90
2/3/2014,Francia,Saga Falabella,Samsung,Claro,9
24/9/2011,Venezuela,Ripley,Nokia,Bitel,14
3/6/2011,España,Saga Falabella,Nokia,Claro,18
11/5/2011,Paraguay,Tottus,Samsung,Entel,202
13/3/2014,Argentina,Plaza Vea,Nokia,Bitel,36
8/5/2014,Jamaica,Ripley,LG,Bitel,51
22/9/2010,Paraguay,Metro,LG,Bitel,3
22/10/2014,Jamaica,Oeschle,Apple,Claro,42
10/7/2010,Cuba,Plaza Vea,LG,Claro,30
26/6/2010,Dinamarca,Ripley,Nokia,Entel,53
22/8/2012,Alemania,Saga Falabella,Apple,Bitel,20
14/5/2013,Suiza,Plaza Vea,LG,Entel,25
14/5/2010,Paraguay,Oeschle,Nokia,Movistar,27
18/6/2011,Suiza,Oeschle,LG,Entel,175
9/1/2014,Portugal,Oeschle,Huawei,Entel,65
21/5/2012,México,Oeschle,Motorola,Bitel,123
2/6/2010,El Salvador,Plaza Vea,LG,Bitel,97
5/2/2012,Irlanda,Saga Falabella,Motorola,Entel,37
1/3/2010,Francia,Plaza Vea,Motorola,Bitel,9
1/10/2011,Argentina,Plaza Vea,Samsung,Tuenti,105
13/1/2011,Portugal,Metro,LG,Movistar,29
7/12/2013,Guatemala,Metro,LG,Claro,30
23/4/2013,Irlanda,Tottus,Nokia,Claro,66
18/11/2011,México,Metro,LG,Bitel,41
7/1/2014,Perú,Plaza Vea,Motorola,Entel,112
4/12/2012,Canadá,Metro,Apple,Claro,17
29/6/2013,Suiza,Oeschle,LG,Entel,100
3/3/2012,Alemania,Oeschle,LG,Tuenti,6
8/8/2013,Brasil,Oeschle,Samsung,Movistar,13
22/12/2011,Inglaterra,Oeschle,LG,Claro,18
1/11/2012,Chile,Tottus,Apple,Claro,107
7/5/2014,Estados Unidos,Saga Falabella,Huawei,Movistar,6
17/2/2011,Chile,Saga Falabella,Samsung,Movistar,9
21/12/2011,Estados Unidos,Metro,LG,Tuenti,98
4/11/2012,Irlanda,Metro,Motorola,Tuenti,122
13/9/2010,España,Tottus,LG,Entel,197
9/2/2010,Guatemala,Oeschle,Motorola,Bitel,149
22/11/2011,Uruguay,Oeschle,Samsung,Movistar,24
15/4/2012,Irlanda,Saga Falabella,Apple,Bitel,14
9/8/2012,Francia,Metro,Samsung,Claro,45
17/7/2013,Bolivia,Metro,Samsung,Entel,115
6/2/2012,Alemania,Oeschle,Nokia,Tuenti,226
27/5/2013,Perú,Saga Falabella,Samsung,Movistar,2
23/9/2010,Canadá,Ripley,Apple,Bitel,44
28/8/2012,Cuba,Ripley,Motorola,Movistar,6
7/3/2011,Irlanda,Oeschle,Motorola,Claro,84
17/9/2014,Portugal,Oeschle,LG,Entel,124
25/2/2014,Jamaica,Oeschle,Samsung,Tuenti,144
4/8/2011,Cuba,Metro,LG,Claro,4
19/12/2011,Dinamarca,Ripley,Nokia,Claro,16
30/5/2010,Perú,Tottus,LG,Entel,56
20/8/2014,Chile,Saga Falabella,Huawei,Entel,19
3/3/2010,Uruguay,Plaza Vea,Nokia,Claro,40
18/7/2010,Inglaterra,Metro,Apple,Entel,109
12/11/2011,México,Saga Falabella,Nokia,Entel,7
7/6/2011,Colombia,Tottus,Huawei,Entel,130
2/10/2011,Brasil,Plaza Vea,Nokia,Claro,76
31/7/2013,Bolivia,Tottus,Samsung,Tuenti,52
10/2/2014,El Salvador,Metro,Motorola,Bitel,9
14/10/2012,El Salvador,Plaza Vea,Huawei,Bitel,33
28/3/2012,Canadá,Tottus,Motorola,Claro,84
5/6/2010,Alemania,Oeschle,LG,Claro,69
4/9/2012,Guatemala,Metro,Samsung,Claro,38
11/4/2012,Bolivia,Ripley,Nokia,Claro,21
11/9/2010,Estados Unidos,Ripley,Nokia,Entel,42
19/4/2010,El Salvador,Metro,Samsung,Movistar,15
16/3/2014,Guatemala,Oeschle,LG,Claro,18
12/4/2014,Portugal,Ripley,Samsung,Tuenti,23
8/5/2013,Suiza,Plaza Vea,Samsung,Entel,86
16/9/2011,Colombia,Plaza Vea,Apple,Movistar,20
2/12/2012,Chile,Tottus,Huawei,Bitel,8
12/3/2011,Perú,Plaza Vea,LG,Tuenti,91
22/10/2013,Alemania,Ripley,Apple,Tuenti,89
5/6/2011,Portugal,Saga Falabella,Nokia,Bitel,29
19/9/2014,Colombia,Oeschle,Nokia,Bitel,132
31/10/2010,Guatemala,Plaza Vea,Nokia,Claro,4
10/11/2014,Dinamarca,Tottus,Nokia,Entel,46
14/11/2011,Perú,Metro,Nokia,Entel,85
30/12/2010,Jamaica,Tottus,LG,Claro,97
5/5/2011,El Salvador,Oeschle,Nokia,Entel,138
9/12/2014,Paraguay,Plaza Vea,Apple,Entel,139
17/8/2010,Cuba,Saga Falabella,Samsung,Movistar,5
26/7/2013,Colombia,Plaza Vea,LG,Movistar,16
18/10/2010,Estados Unidos,Tottus,Motorola,Bitel,173
19/6/2011,Alemania,Ripley,Apple,Claro,31
28/6/2011,Bolivia,Oeschle,Huawei,Movistar,44
12/5/2012,Chile,Tottus,LG,Movistar,4
21/1/2010,Inglaterra,Oeschle,Nokia,Entel,188
2/1/2013,España,Plaza Vea,LG,Tuenti,51
30/1/2011,Francia,Saga Falabella,Huawei,Movistar,1
15/1/2014,Perú,Oeschle,LG,Tuenti,219
22/10/2014,Dinamarca,Ripley,Nokia,Claro,34
10/1/2011,Venezuela,Plaza Vea,Samsung,Claro,43
26/11/2013,Inglaterra,Plaza Vea,LG,Entel,70
4/6/2010,Suiza,Oeschle,Apple,Movistar,41
24/9/2013,Guatemala,Ripley,LG,Movistar,7
23/1/2014,Jamaica,Ripley,Apple,Claro,5
5/3/2013,Brasil,Plaza Vea,LG,Tuenti,60
18/11/2014,Venezuela,Metro,Apple,Tuenti,98
10/2/2011,Jamaica,Metro,Samsung,Movistar,3
26/4/2012,Portugal,Oeschle,LG,Tuenti,140
26/5/2011,Suiza,Metro,Motorola,Claro,57
22/1/2012,Bolivia,Saga Falabella,Samsung,Tuenti,42
5/1/2011,Irlanda,Plaza Vea,LG,Claro,49
4/10/2014,Portugal,Plaza Vea,Apple,Movistar,39
2/7/2010,Dinamarca,Ripley,LG,Movistar,6
14/8/2014,Portugal,Saga Falabella,Huawei,Movistar,2
15/12/2014,Irlanda,Ripley,Samsung,Claro,27
22/8/2011,Cuba,Oeschle,Apple,Claro,48
26/12/2013,El Salvador,Tottus,Motorola,Claro,88
16/10/2012,Cuba,Plaza Vea,Samsung,Movistar,6
27/5/2013,Portugal,Saga Falabella,Motorola,Movistar,6
20/10/2010,España,Plaza Vea,Apple,Bitel,73
26/5/2010,México,Ripley,Motorola,Movistar,2
14/3/2014,Alemania,Tottus,LG,Entel,9
8/8/2014,Canadá,Tottus,LG,Movistar,17
19/12/2010,Francia,Oeschle,Samsung,Claro,14
1/4/2010,Colombia,Saga Falabella,Apple,Movistar,5
17/12/2013,Portugal,Ripley,Samsung,Claro,34
13/5/2013,Colombia,Ripley,LG,Tuenti,51
13/3/2013,Argentina,Saga Falabella,Samsung,Claro,15
8/8/2011,Dinamarca,Oeschle,LG,Claro,17
24/6/2012,Perú,Saga Falabella,Motorola,Bitel,16
7/12/2011,Guatemala,Oeschle,Samsung,Entel,18
5/4/2011,Guatemala,Plaza Vea,Huawei,Bitel,55
3/6/2012,Inglaterra,Plaza Vea,Huawei,Movistar,3
20/4/2010,Perú,Oeschle,LG,Claro,64
13/5/2011,Colombia,Plaza Vea,Nokia,Bitel,95
15/4/2013,Canadá,Metro,Nokia,Tuenti,146
27/3/2013,Cuba,Ripley,Motorola,Tuenti,86
30/3/2010,Chile,Tottus,Motorola,Tuenti,46
5/9/2012,El Salvador,Oeschle,LG,Tuenti,171
29/6/2011,España,Saga Falabella,LG,Claro,4
7/1/2011,Alemania,Tottus,Apple,Bitel,36
26/11/2014,Guatemala,Tottus,Nokia,Tuenti,286
20/3/2014,México,Metro,Huawei,Tuenti,33
25/2/2011,España,Plaza Vea,Samsung,Claro,65
6/9/2014,Perú,Tottus,Nokia,Movistar,47
29/12/2010,Uruguay,Metro,Samsung,Bitel,21
23/4/2014,El Salvador,Plaza Vea,Motorola,Tuenti,40
19/9/2012,Chile,Ripley,Samsung,Claro,36
30/1/2013,Cuba,Saga Falabella,Apple,Movistar,4
4/2/2014,El Salvador,Tottus,Huawei,Tuenti,273
18/12/2011,Inglaterra,Saga Falabella,Samsung,Tuenti,1
23/6/2010,Brasil,Saga Falabella,Apple,Claro,18
27/7/2012,Portugal,Ripley,Samsung,Tuenti,30
14/10/2011,Dinamarca,Tottus,Samsung,Entel,92
22/7/2012,España,Saga Falabella,Samsung,Movistar,1
29/6/2010,Perú,Metro,Samsung,Entel,11
16/4/2012,Francia,Oeschle,Apple,Entel,104
26/8/2011,El Salvador,Saga Falabella,Nokia,Claro,18
16/4/2012,Alemania,Oeschle,Samsung,Entel,17
4/2/2012,Venezuela,Oeschle,LG,Entel,13
14/2/2013,Colombia,Saga Falabella,LG,Bitel,27
2/7/2013,Uruguay,Oeschle,Apple,Movistar,36
20/8/2014,Canadá,Tottus,Huawei,Claro,118
16/7/2011,Portugal,Plaza Vea,Nokia,Claro,50
22/8/2013,Perú,Tottus,LG,Bitel,19
16/9/2012,Canadá,Plaza Vea,Motorola,Entel,121
10/4/2013,Brasil,Ripley,LG,Movistar,6
5/4/2011,Paraguay,Tottus,Samsung,Tuenti,241
27/12/2013,El Salvador,Oeschle,LG,Movistar,33
12/12/2010,Alemania,Oeschle,Samsung,Tuenti,58
13/12/2012,Chile,Oeschle,Samsung,Claro,50
29/9/2014,Irlanda,Plaza Vea,Nokia,Tuenti,68
16/7/2014,Perú,Oeschle,Samsung,Entel,137
20/10/2011,Guatemala,Saga Falabella,Samsung,Claro,16
21/5/2013,Perú,Oeschle,Samsung,Entel,32
23/7/2010,Inglaterra,Plaza Vea,Motorola,Bitel,44
2/7/2014,Brasil,Ripley,Samsung,Claro,15
24/8/2011,Brasil,Saga Falabella,LG,Movistar,1
21/9/2011,Perú,Tottus,LG,Tuenti,99
28/1/2010,Cuba,Ripley,Samsung,Movistar,8
14/12/2013,Estados Unidos,Plaza Vea,Huawei,Tuenti,116
8/9/2012,Chile,Saga Falabella,LG,Bitel,12
26/7/2013,Estados Unidos,Saga Falabella,Motorola,Claro,18
16/12/2012,Bolivia,Metro,Motorola,Bitel,19
2/1/2013,Brasil,Metro,Nokia,Bitel,22
31/3/2012,Venezuela,Oeschle,Motorola,Movistar,48
27/10/2011,El Salvador,Plaza Vea,Samsung,Claro,76
22/9/2010,México,Ripley,Samsung,Movistar,3
17/5/2012,Francia,Saga Falabella,Apple,Bitel,3
29/7/2014,Jamaica,Tottus,LG,Bitel,15
8/10/2012,Suiza,Ripley,Samsung,Claro,25
5/1/2012,Venezuela,Tottus,Huawei,Tuenti,103
14/11/2010,Irlanda,Plaza Vea,LG,Movistar,23
18/5/2012,Jamaica,Metro,Apple,Bitel,56
30/6/2010,Dinamarca,Tottus,Apple,Entel,61
10/10/2013,Alemania,Oeschle,Apple,Tuenti,187
16/12/2012,Estados Unidos,Tottus,Motorola,Bitel,59
7/2/2013,Guatemala,Plaza Vea,Nokia,Entel,76
4/2/2010,Paraguay,Metro,LG,Entel,116
16/7/2014,México,Metro,LG,Tuenti,2
1/11/2013,Alemania,Plaza Vea,Motorola,Movistar,18
20/5/2012,Colombia,Ripley,Motorola,Movistar,7
6/9/2011,México,Oeschle,Samsung,Tuenti,107
12/10/2013,Guatemala,Tottus,Huawei,Movistar,59
31/12/2014,Paraguay,Oeschle,LG,Tuenti,63
18/10/2011,Portugal,Oeschle,Samsung,Entel,39
16/3/2012,Colombia,Plaza Vea,Samsung,Bitel,52
29/9/2012,Portugal,Tottus,Motorola,Tuenti,125
26/2/2011,Inglaterra,Tottus,Huawei,Entel,199
22/4/2014,Inglaterra,Saga Falabella,Huawei,Claro,8
3/9/2010,Francia,Plaza Vea,LG,Entel,150
15/11/2012,Jamaica,Tottus,Samsung,Tuenti,139
22/6/2013,Paraguay,Ripley,LG,Movistar,18
14/1/2010,Colombia,Saga Falabella,Nokia,Entel,39
30/7/2012,Portugal,Saga Falabella,Motorola,Tuenti,2
22/1/2014,Portugal,Ripley,Apple,Bitel,7
13/2/2011,Paraguay,Plaza Vea,Apple,Bitel,50
23/9/2010,Irlanda,Ripley,Huawei,Movistar,19
24/8/2014,España,Saga Falabella,Samsung,Bitel,14
19/8/2011,Paraguay,Oeschle,Motorola,Bitel,121
3/9/2014,Perú,Plaza Vea,Apple,Bitel,27
31/3/2014,Irlanda,Tottus,Huawei,Bitel,47
4/10/2011,Guatemala,Tottus,LG,Tuenti,44
9/2/2010,Guatemala,Saga Falabella,Nokia,Claro,14
29/7/2011,Colombia,Metro,LG,Bitel,50
28/10/2011,España,Ripley,Samsung,Movistar,13
11/12/2012,Cuba,Ripley,Huawei,Entel,15
1/1/2011,Dinamarca,Oeschle,Apple,Tuenti,105
9/8/2014,Suiza,Oeschle,Apple,Entel,14
21/4/2010,Venezuela,Plaza Vea,Samsung,Movistar,25
17/3/2013,Alemania,Ripley,Apple,Claro,28
3/2/2013,Bolivia,Plaza Vea,Samsung,Movistar,32
29/12/2014,El Salvador,Tottus,LG,Claro,29
3/1/2010,El Salvador,Ripley,Samsung,Movistar,3
20/9/2014,Chile,Ripley,LG,Movistar,8
16/12/2011,Jamaica,Oeschle,Samsung,Tuenti,25
31/8/2014,Estados Unidos,Ripley,LG,Entel,9
2/7/2011,Brasil,Tottus,Nokia,Tuenti,274
14/10/2012,El Salvador,Saga Falabella,Samsung,Claro,1
1/2/2014,Venezuela,Plaza Vea,Nokia,Entel,157
29/4/2010,Brasil,Saga Falabella,Nokia,Movistar,7
30/8/2014,Suiza,Metro,Apple,Tuenti,18
2/12/2011,México,Tottus,LG,Entel,12
30/10/2013,Irlanda,Plaza Vea,Samsung,Entel,6
30/7/2013,Colombia,Oeschle,Apple,Tuenti,157
23/3/2012,Colombia,Ripley,LG,Claro,28
22/12/2014,España,Ripley,Apple,Tuenti,48
1/11/2013,Alemania,Tottus,Samsung,Movistar,1
30/6/2012,Dinamarca,Tottus,LG,Entel,134
12/5/2011,El Salvador,Oeschle,Apple,Claro,67
15/7/2013,Brasil,Ripley,Samsung,Entel,11
19/8/2011,El Salvador,Plaza Vea,Samsung,Movistar,6
5/1/2010,España,Plaza Vea,LG,Entel,154
19/11/2011,Guatemala,Plaza Vea,Nokia,Bitel,27
17/11/2010,España,Oeschle,Motorola,Movistar,18
23/1/2014,Bolivia,Oeschle,LG,Tuenti,42
7/3/2010,Argentina,Saga Falabella,Samsung,Claro,6
12/3/2012,México,Metro,Huawei,Bitel,58
12/2/2013,Paraguay,Plaza Vea,Nokia,Bitel,72
30/7/2013,Dinamarca,Tottus,Samsung,Tuenti,235
7/7/2014,Alemania,Ripley,LG,Entel,55
21/4/2012,Guatemala,Metro,LG,Bitel,51
25/9/2013,Perú,Ripley,LG,Entel,50
13/9/2011,Brasil,Oeschle,LG,Movistar,49
23/9/2014,Cuba,Saga Falabella,LG,Entel,38
18/8/2013,Chile,Plaza Vea,Motorola,Tuenti,53
21/8/2011,Estados Unidos,Saga Falabella,LG,Bitel,23
20/5/2013,Argentina,Oeschle,Samsung,Movistar,25
16/8/2011,Suiza,Ripley,LG,Tuenti,58
29/2/2012,Dinamarca,Saga Falabella,Motorola,Movistar,8
7/1/2013,Paraguay,Plaza Vea,Nokia,Movistar,38
18/9/2013,Suiza,Plaza Vea,Apple,Movistar,25
10/3/2010,Francia,Ripley,Samsung,Movistar,9
25/4/2014,Argentina,Metro,Huawei,Bitel,55
26/3/2010,Jamaica,Ripley,Samsung,Movistar,1
28/11/2011,Francia,Oeschle,LG,Entel,81
10/3/2011,Colombia,Saga Falabella,Huawei,Bitel,21
21/4/2010,Perú,Plaza Vea,Apple,Bitel,39
30/9/2011,Brasil,Tottus,Apple,Tuenti,280
1/10/2014,Jamaica,Oeschle,LG,Movistar,44
21/6/2013,Cuba,Metro,Motorola,Movistar,17
31/5/2010,Brasil,Metro,Apple,Tuenti,55
28/9/2012,Perú,Oeschle,Samsung,Entel,116
3/8/2010,Uruguay,Tottus,Huawei,Bitel,75
1/12/2010,Argentina,Metro,Samsung,Entel,10
5/10/2010,España,Oeschle,Nokia,Tuenti,145
1/10/2014,México,Metro,Samsung,Movistar,2
29/6/2012,Dinamarca,Oeschle,Apple,Bitel,103
3/10/2010,España,Saga Falabella,Huawei,Entel,18
7/4/2013,Paraguay,Ripley,Apple,Entel,53
4/9/2013,Argentina,Saga Falabella,Apple,Claro,16
28/6/2012,Alemania,Oeschle,Samsung,Bitel,70
26/12/2013,Alemania,Metro,Apple,Entel,34
23/7/2012,Paraguay,Tottus,Apple,Tuenti,6
29/7/2014,Suiza,Saga Falabella,LG,Movistar,2
17/2/2012,Argentina,Tottus,Nokia,Bitel,9
20/5/2014,Bolivia,Plaza Vea,Motorola,Tuenti,46
23/8/2014,Perú,Tottus,Samsung,Claro,41
18/8/2013,El Salvador,Tottus,LG,Entel,140
11/2/2014,Canadá,Oeschle,Huawei,Tuenti,145
9/10/2012,El Salvador,Ripley,LG,Bitel,51
8/10/2012,Inglaterra,Oeschle,Huawei,Claro,66
4/5/2012,Estados Unidos,Saga Falabella,LG,Bitel,21
20/3/2014,Colombia,Ripley,Apple,Claro,17
6/4/2010,Uruguay,Oeschle,Samsung,Claro,37
7/6/2011,Bolivia,Oeschle,Nokia,Entel,88
13/11/2013,Brasil,Tottus,Samsung,Tuenti,58
27/4/2010,Francia,Oeschle,LG,Movistar,30
20/5/2014,Canadá,Tottus,Huawei,Claro,14
1/2/2012,Jamaica,Saga Falabella,Motorola,Movistar,4
1/6/2011,Uruguay,Saga Falabella,LG,Claro,8
14/4/2010,Portugal,Saga Falabella,Samsung,Tuenti,1
25/11/2011,Jamaica,Metro,Samsung,Bitel,79
2/2/2012,El Salvador,Oeschle,Samsung,Tuenti,115
5/5/2014,Dinamarca,Metro,Nokia,Tuenti,10
14/7/2010,Guatemala,Tottus,Samsung,Tuenti,29
15/10/2014,Uruguay,Oeschle,Huawei,Entel,17
16/3/2014,Francia,Ripley,Motorola,Movistar,14
23/4/2013,Uruguay,Plaza Vea,Samsung,Entel,62
19/4/2013,Venezuela,Plaza Vea,Huawei,Bitel,51
10/3/2014,Suiza,Ripley,Huawei,Movistar,12
6/11/2012,Uruguay,Metro,Huawei,Bitel,67
24/9/2011,Dinamarca,Metro,Samsung,Bitel,77
13/9/2010,Suiza,Plaza Vea,Apple,Tuenti,176
25/9/2013,Alemania,Saga Falabella,LG,Claro,18
10/1/2012,Perú,Oeschle,Samsung,Entel,2
11/11/2013,Suiza,Oeschle,Samsung,Entel,108
6/8/2011,Perú,Oeschle,Nokia,Bitel,61
19/4/2014,Chile,Oeschle,Huawei,Movistar,39
13/11/2010,Jamaica,Oeschle,LG,Bitel,1
9/11/2014,Suiza,Metro,Motorola,Claro,16
25/1/2010,Canadá,Tottus,Nokia,Entel,10
28/12/2011,Dinamarca,Metro,Nokia,Bitel,68
24/2/2012,Argentina,Metro,Samsung,Movistar,6
2/7/2014,Paraguay,Oeschle,Huawei,Bitel,3
1/5/2011,Dinamarca,Ripley,LG,Entel,25
4/6/2014,Argentina,Plaza Vea,Huawei,Claro,47
3/4/2013,Cuba,Ripley,Apple,Tuenti,19
23/2/2011,Uruguay,Tottus,Apple,Movistar,2
10/4/2012,Guatemala,Saga Falabella,Samsung,Claro,6
16/1/2010,Dinamarca,Metro,Nokia,Tuenti,1
12/7/2010,Cuba,Saga Falabella,Samsung,Movistar,2
23/8/2012,Alemania,Tottus,Samsung,Movistar,44
15/10/2010,Inglaterra,Metro,LG,Claro,7
1/9/2012,Colombia,Oeschle,Samsung,Claro,34
31/12/2011,España,Tottus,Samsung,Movistar,23
28/8/2011,El Salvador,Plaza Vea,Nokia,Entel,72
2/8/2011,Argentina,Oeschle,LG,Tuenti,208
9/9/2011,Alemania,Oeschle,LG,Claro,41
5/9/2013,Inglaterra,Saga Falabella,LG,Claro,18
23/5/2012,Alemania,Ripley,LG,Entel,44
14/8/2012,Brasil,Ripley,Apple,Claro,17
27/7/2014,Inglaterra,Plaza Vea,Samsung,Movistar,26
15/7/2010,Brasil,Plaza Vea,LG,Claro,1
26/8/2012,Perú,Saga Falabella,Motorola,Claro,13
18/1/2012,Portugal,Plaza Vea,LG,Entel,44
17/6/2010,Jamaica,Plaza Vea,LG,Tuenti,35
21/3/2010,Dinamarca,Metro,Huawei,Claro,53
5/10/2010,Venezuela,Saga Falabella,Motorola,Claro,6
20/11/2012,Alemania,Ripley,Samsung,Bitel,8
4/4/2011,Francia,Plaza Vea,Apple,Claro,45
16/11/2014,Colombia,Metro,Apple,Movistar,21
7/7/2011,Suiza,Plaza Vea,Apple,Bitel,23
5/12/2013,Brasil,Tottus,Apple,Movistar,18
3/7/2012,Brasil,Ripley,Samsung,Claro,33
17/5/2013,Alemania,Plaza Vea,LG,Entel,42
6/5/2014,Venezuela,Tottus,LG,Tuenti,6
27/7/2010,Jamaica,Saga Falabella,LG,Bitel,18
25/4/2014,Francia,Ripley,LG,Entel,8
7/5/2014,Paraguay,Saga Falabella,Apple,Entel,10
11/6/2010,México,Metro,Huawei,Tuenti,96
22/12/2010,Alemania,Tottus,Apple,Tuenti,130
12/3/2014,Bolivia,Oeschle,LG,Claro,70
26/8/2013,Argentina,Plaza Vea,Nokia,Bitel,44
17/11/2013,Irlanda,Ripley,LG,Entel,50
15/2/2011,España,Oeschle,Samsung,Tuenti,24
4/1/2011,Paraguay,Plaza Vea,LG,Bitel,112
4/12/2011,Estados Unidos,Saga Falabella,Apple,Claro,18
3/1/2014,Uruguay,Plaza Vea,Samsung,Bitel,87
21/9/2014,España,Saga Falabella,Nokia,Movistar,5
6/9/2014,Colombia,Metro,LG,Movistar,29
8/4/2010,El Salvador,Tottus,Samsung,Tuenti,295
30/11/2014,Suiza,Tottus,Motorola,Bitel,46
9/9/2014,México,Plaza Vea,Apple,Entel,151
17/12/2014,México,Saga Falabella,Nokia,Claro,17
27/3/2010,El Salvador,Oeschle,Apple,Tuenti,126
16/11/2010,Chile,Oeschle,Motorola,Tuenti,10
10/5/2013,Uruguay,Metro,LG,Movistar,6
23/11/2013,Venezuela,Ripley,Huawei,Movistar,17
7/4/2011,Dinamarca,Metro,Nokia,Movistar,18
30/5/2012,Brasil,Saga Falabella,Samsung,Bitel,3
18/12/2013,Argentina,Tottus,LG,Claro,87
27/4/2014,Irlanda,Metro,Nokia,Movistar,13
8/4/2013,Paraguay,Ripley,Nokia,Entel,42
11/11/2012,Brasil,Metro,LG,Claro,55
3/12/2013,Irlanda,Oeschle,Apple,Tuenti,31
5/1/2012,Argentina,Metro,Motorola,Bitel,21
16/3/2010,Argentina,Oeschle,LG,Entel,112
23/11/2013,Bolivia,Tottus,LG,Claro,82
27/5/2014,Venezuela,Metro,Apple,Tuenti,92
21/1/2013,Colombia,Tottus,Samsung,Claro,85
15/10/2013,España,Metro,Samsung,Movistar,3
27/2/2013,Guatemala,Oeschle,Motorola,Bitel,27
10/11/2012,Alemania,Metro,Motorola,Entel,27
18/8/2012,Canadá,Ripley,Samsung,Tuenti,71
27/8/2010,Guatemala,Metro,Samsung,Claro,57
7/3/2011,Irlanda,Oeschle,LG,Tuenti,34
16/9/2012,Portugal,Plaza Vea,Samsung,Entel,107
17/11/2011,Inglaterra,Metro,Huawei,Movistar,11
26/10/2010,Irlanda,Plaza Vea,Motorola,Bitel,32
26/3/2011,España,Oeschle,Motorola,Entel,132
3/10/2014,Guatemala,Plaza Vea,LG,Claro,44
13/10/2013,Venezuela,Oeschle,Apple,Bitel,66
2/4/2010,España,Tottus,Samsung,Movistar,20
23/7/2011,Argentina,Ripley,Motorola,Movistar,16
3/6/2012,México,Oeschle,LG,Bitel,134
18/4/2011,Chile,Plaza Vea,Motorola,Claro,74
12/10/2011,Paraguay,Plaza Vea,Motorola,Entel,148
11/5/2011,Alemania,Ripley,Apple,Movistar,1
14/9/2012,Bolivia,Saga Falabella,Huawei,Entel,11
19/10/2013,Estados Unidos,Ripley,LG,Claro,26
26/9/2013,Canadá,Metro,LG,Bitel,77
5/6/2014,Suiza,Ripley,LG,Tuenti,98
17/4/2012,Jamaica,Ripley,Nokia,Entel,21
15/12/2011,Uruguay,Plaza Vea,Huawei,Bitel,3
14/6/2013,Estados Unidos,Ripley,Samsung,Bitel,42
10/11/2010,Canadá,Metro,Nokia,Claro,29
27/12/2012,Uruguay,Saga Falabella,Motorola,Entel,13
17/3/2010,El Salvador,Plaza Vea,Apple,Bitel,14
14/5/2010,Canadá,Oeschle,Huawei,Tuenti,77
7/5/2010,Chile,Ripley,Nokia,Bitel,54
24/3/2014,Irlanda,Tottus,Motorola,Movistar,5
17/11/2014,Portugal,Tottus,LG,Tuenti,25
4/2/2013,España,Tottus,Motorola,Entel,236
13/6/2010,Inglaterra,Saga Falabella,Samsung,Bitel,29
31/10/2010,Cuba,Metro,Nokia,Tuenti,24
24/11/2014,Paraguay,Tottus,Apple,Bitel,151
25/7/2012,Paraguay,Metro,LG,Bitel,37
19/8/2010,Irlanda,Metro,LG,Claro,29
29/6/2014,Bolivia,Metro,LG,Entel,104
24/12/2013,Perú,Tottus,LG,Entel,54
19/8/2014,Portugal,Ripley,Samsung,Entel,16
10/1/2013,Argentina,Metro,Motorola,Claro,50
29/4/2013,El Salvador,Oeschle,LG,Claro,63
27/10/2012,El Salvador,Saga Falabella,Nokia,Entel,31
1/5/2014,Brasil,Ripley,Samsung,Claro,31
23/12/2012,Portugal,Tottus,Samsung,Tuenti,192
18/1/2012,Argentina,Tottus,Motorola,Claro,36
23/8/2014,Chile,Plaza Vea,Samsung,Claro,68
28/10/2010,Francia,Saga Falabella,Samsung,Claro,4
17/10/2010,Chile,Plaza Vea,Nokia,Bitel,18
1/9/2014,Irlanda,Saga Falabella,Apple,Bitel,16
29/4/2014,Brasil,Metro,Nokia,Tuenti,36
27/2/2014,Jamaica,Metro,Nokia,Movistar,6
25/4/2010,Cuba,Metro,LG,Movistar,17
3/8/2014,México,Oeschle,Apple,Tuenti,129
1/10/2013,Argentina,Tottus,Samsung,Movistar,56
20/7/2012,España,Metro,Apple,Bitel,81
20/11/2012,Paraguay,Ripley,Apple,Bitel,57
27/12/2010,Alemania,Metro,Nokia,Bitel,69
12/11/2013,Canadá,Saga Falabella,Apple,Bitel,7
28/11/2012,Inglaterra,Saga Falabella,Apple,Entel,3
14/9/2013,México,Plaza Vea,Motorola,Movistar,13
22/11/2013,Colombia,Ripley,LG,Movistar,3
13/2/2011,Portugal,Oeschle,Huawei,Claro,81
1/9/2013,Inglaterra,Ripley,Apple,Movistar,18
11/12/2010,Guatemala,Ripley,Apple,Movistar,3
28/4/2014,España,Saga Falabella,Samsung,Claro,13
6/4/2011,Canadá,Ripley,Samsung,Tuenti,5
27/9/2011,Bolivia,Saga Falabella,Nokia,Bitel,27
16/2/2013,Irlanda,Oeschle,Samsung,Bitel,121
31/10/2010,Venezuela,Ripley,Apple,Claro,28
27/9/2014,Cuba,Ripley,Samsung,Claro,26
6/9/2011,Canadá,Saga Falabella,Nokia,Bitel,20
1/9/2010,Francia,Plaza Vea,LG,Tuenti,141
27/6/2010,Chile,Oeschle,Samsung,Entel,139
27/5/2013,Perú,Saga Falabella,Samsung,Entel,22
7/2/2010,Colombia,Tottus,Apple,Entel,181
5/8/2010,Suiza,Plaza Vea,Apple,Tuenti,54
8/2/2011,Cuba,Oeschle,Samsung,Entel,46
12/1/2012,Chile,Metro,Nokia,Movistar,21
9/12/2012,Portugal,Metro,Nokia,Movistar,2
25/4/2012,Uruguay,Oeschle,Motorola,Claro,83
18/3/2010,Portugal,Saga Falabella,Samsung,Claro,4
31/3/2012,Suiza,Metro,Samsung,Entel,56
21/2/2012,Bolivia,Plaza Vea,Samsung,Claro,16
24/5/2012,Venezuela,Ripley,Nokia,Movistar,2
27/3/2013,Bolivia,Tottus,LG,Bitel,156
12/6/2013,El Salvador,Metro,Apple,Tuenti,138
16/5/2013,Venezuela,Tottus,Huawei,Bitel,122
11/1/2012,Irlanda,Metro,Apple,Movistar,9
7/1/2011,Canadá,Saga Falabella,Samsung,Movistar,7
11/9/2010,Colombia,Metro,LG,Tuenti,88
14/5/2014,Perú,Ripley,LG,Movistar,1
24/5/2010,Irlanda,Plaza Vea,Samsung,Claro,58
29/11/2010,México,Metro,Nokia,Bitel,41
19/9/2013,España,Oeschle,LG,Entel,20
29/12/2010,Inglaterra,Plaza Vea,Motorola,Tuenti,166
18/3/2011,Dinamarca,Plaza Vea,LG,Claro,22
14/2/2011,Canadá,Metro,LG,Claro,34
2/2/2011,Cuba,Plaza Vea,LG,Bitel,93
15/3/2012,El Salvador,Tottus,Apple,Claro,102
24/4/2011,Chile,Plaza Vea,LG,Movistar,25
3/7/2013,Dinamarca,Tottus,Nokia,Movistar,32
21/11/2014,El Salvador,Plaza Vea,Samsung,Claro,13
20/11/2011,Canadá,Tottus,LG,Tuenti,1
16/8/2014,Portugal,Metro,LG,Movistar,19
2/4/2010,Bolivia,Tottus,Samsung,Movistar,30
4/6/2014,Uruguay,Ripley,Samsung,Claro,30
27/5/2014,Canadá,Ripley,Huawei,Movistar,8
11/5/2011,Dinamarca,Plaza Vea,Apple,Tuenti,109
18/8/2013,Suiza,Saga Falabella,Motorola,Bitel,23
21/10/2010,Dinamarca,Saga Falabella,Samsung,Claro,3
17/12/2013,Guatemala,Oeschle,Nokia,Movistar,8
17/11/2011,El Salvador,Saga Falabella,Samsung,Entel,4
23/11/2012,Dinamarca,Metro,Samsung,Movistar,8
12/7/2013,Jamaica,Saga Falabella,Nokia,Movistar,5
10/11/2012,Estados Unidos,Tottus,LG,Movistar,9
28/6/2010,Irlanda,Oeschle,LG,Movistar,18
7/8/2014,El Salvador,Tottus,Nokia,Movistar,33
14/7/2014,Chile,Plaza Vea,Motorola,Movistar,27
15/11/2010,Chile,Plaza Vea,LG,Movistar,24
17/3/2011,Alemania,Plaza Vea,Samsung,Tuenti,27
26/9/2012,Chile,Oeschle,LG,Entel,21
8/9/2010,Suiza,Ripley,LG,Claro,32
30/3/2011,Perú,Ripley,LG,Tuenti,47
26/12/2012,Brasil,Ripley,Nokia,Movistar,3
21/3/2010,Paraguay,Ripley,Apple,Tuenti,95
16/10/2013,España,Saga Falabella,LG,Entel,17
9/2/2013,España,Plaza Vea,Samsung,Tuenti,27
4/8/2014,Portugal,Tottus,Nokia,Entel,234
25/5/2014,Brasil,Plaza Vea,Samsung,Claro,59
24/12/2011,Cuba,Metro,Nokia,Movistar,23
2/1/2011,Chile,Plaza Vea,Huawei,Entel,127
3/6/2012,Cuba,Plaza Vea,Apple,Tuenti,94
30/7/2013,Guatemala,Metro,Motorola,Entel,51
14/5/2013,Venezuela,Ripley,LG,Claro,15
5/9/2014,Venezuela,Saga Falabella,Motorola,Bitel,21
13/8/2011,Portugal,Oeschle,Samsung,Claro,98
26/12/2011,Inglaterra,Ripley,Motorola,Entel,44
16/3/2010,Chile,Saga Falabella,LG,Tuenti,19
29/5/2012,Perú,Saga Falabella,Samsung,Movistar,9
17/10/2010,Francia,Tottus,Samsung,Tuenti,49
8/1/2011,Estados Unidos,Plaza Vea,Motorola,Tuenti,107
26/12/2011,Francia,Oeschle,Nokia,Tuenti,226
3/1/2012,Alemania,Metro,Apple,Bitel,87
15/3/2012,Inglaterra,Oeschle,Nokia,Claro,74
17/6/2012,Perú,Ripley,LG,Bitel,15
11/1/2011,Suiza,Ripley,Nokia,Entel,46
10/10/2010,Uruguay,Tottus,Samsung,Claro,20
9/4/2012,Cuba,Tottus,Nokia,Claro,107
20/1/2014,Dinamarca,Metro,Samsung,Entel,31
15/7/2012,Jamaica,Plaza Vea,Motorola,Tuenti,62
8/9/2013,Chile,Metro,Samsung,Entel,20
4/4/2014,Portugal,Metro,Apple,Tuenti,134
7/2/2010,España,Plaza Vea,Huawei,Bitel,12
27/2/2013,Alemania,Saga Falabella,Motorola,Movistar,9
10/12/2013,Guatemala,Ripley,Nokia,Tuenti,54
2/3/2011,Uruguay,Plaza Vea,Motorola,Claro,73
23/6/2011,Brasil,Oeschle,LG,Claro,49
9/12/2013,El Salvador,Saga Falabella,Apple,Tuenti,23
10/8/2014,Chile,Oeschle,Samsung,Tuenti,63
28/4/2011,Brasil,Oeschle,Apple,Movistar,23
10/2/2011,Cuba,Saga Falabella,Samsung,Claro,14
18/12/2011,Inglaterra,Tottus,Apple,Bitel,131
8/5/2013,España,Tottus,LG,Entel,91
30/11/2014,Suiza,Saga Falabella,Huawei,Movistar,5
9/5/2011,Brasil,Ripley,LG,Claro,21
15/9/2013,Suiza,Plaza Vea,LG,Claro,40
18/9/2012,Perú,Ripley,Samsung,Movistar,3
28/12/2010,Francia,Metro,Nokia,Tuenti,11
25/8/2013,México,Tottus,Motorola,Tuenti,273
10/10/2010,Alemania,Plaza Vea,LG,Movistar,38
27/9/2011,Venezuela,Oeschle,Nokia,Tuenti,143
23/5/2012,Canadá,Oeschle,Motorola,Claro,35
31/10/2012,Irlanda,Ripley,Apple,Bitel,49
4/4/2011,Uruguay,Plaza Vea,Motorola,Bitel,107
20/10/2012,España,Ripley,Apple,Claro,5
6/7/2011,Colombia,Tottus,Apple,Tuenti,250
30/6/2012,Bolivia,Oeschle,Samsung,Movistar,36
26/1/2012,Estados Unidos,Ripley,Nokia,Claro,31
26/6/2012,México,Tottus,LG,Bitel,93
28/3/2013,Canadá,Plaza Vea,LG,Tuenti,191
8/10/2011,Irlanda,Plaza Vea,Samsung,Movistar,22
13/8/2013,Guatemala,Saga Falabella,Apple,Claro,14
28/6/2011,Colombia,Ripley,Nokia,Tuenti,1
18/2/2012,Chile,Tottus,Samsung,Movistar,43
7/9/2010,Paraguay,Plaza Vea,Huawei,Claro,6
18/2/2012,España,Saga Falabella,Motorola,Entel,37
8/11/2011,Irlanda,Oeschle,Samsung,Entel,43
23/11/2012,Venezuela,Metro,Motorola,Claro,20
4/7/2014,Paraguay,Oeschle,Nokia,Tuenti,186
27/2/2014,Irlanda,Tottus,Motorola,Movistar,26
2/2/2011,Irlanda,Saga Falabella,Nokia,Bitel,11
14/2/2013,México,Oeschle,LG,Movistar,47
12/8/2010,Jamaica,Metro,Nokia,Entel,78
28/11/2012,Guatemala,Saga Falabella,Samsung,Tuenti,32
14/6/2014,Francia,Tottus,LG,Bitel,81
21/11/2012,Chile,Saga Falabella,Motorola,Tuenti,1
22/10/2014,Dinamarca,Plaza Vea,Apple,Bitel,15
27/3/2012,Argentina,Saga Falabella,Samsung,Claro,15
28/3/2012,Brasil,Ripley,Apple,Bitel,28
21/9/2012,Cuba,Ripley,LG,Movistar,14
23/12/2013,Portugal,Oeschle,LG,Entel,196
20/4/2012,Chile,Tottus,LG,Claro,38
7/9/2010,Guatemala,Saga Falabella,LG,Movistar,6
28/7/2011,Jamaica,Metro,Samsung,Entel,29
28/12/2010,Portugal,Saga Falabella,Huawei,Movistar,7
5/11/2013,Cuba,Ripley,Nokia,Bitel,18
31/8/2014,Irlanda,Ripley,Nokia,Movistar,4
28/2/2012,Paraguay,Tottus,LG,Movistar,42
4/12/2013,Canadá,Metro,Apple,Movistar,6
21/11/2012,España,Metro,Motorola,Claro,33
6/10/2014,Bolivia,Saga Falabella,LG,Bitel,13
7/6/2013,El Salvador,Metro,Samsung,Entel,109
16/9/2012,Alemania,Metro,Nokia,Movistar,13
10/9/2012,México,Saga Falabella,Huawei,Movistar,4
6/1/2013,Guatemala,Tottus,Apple,Entel,131
4/6/2011,Perú,Oeschle,Huawei,Tuenti,225
6/11/2011,México,Saga Falabella,Apple,Movistar,9
24/1/2010,El Salvador,Plaza Vea,Apple,Movistar,26
1/6/2013,Canadá,Saga Falabella,Samsung,Bitel,27
18/4/2012,Suiza,Metro,LG,Claro,29
1/12/2010,Venezuela,Metro,LG,Entel,27
25/1/2012,Cuba,Metro,Nokia,Claro,19
31/12/2014,Portugal,Metro,Samsung,Tuenti,30
3/12/2014,Colombia,Metro,Huawei,Claro,20
30/11/2012,Guatemala,Oeschle,Nokia,Bitel,116
18/1/2010,Uruguay,Oeschle,Apple,Bitel,68
8/11/2010,Paraguay,Plaza Vea,Huawei,Movistar,27
28/12/2012,Uruguay,Saga Falabella,Samsung,Movistar,3
28/6/2010,Bolivia,Oeschle,Motorola,Movistar,20
17/5/2014,Dinamarca,Oeschle,Nokia,Claro,91
25/6/2011,Bolivia,Ripley,Apple,Movistar,5
10/2/2010,Cuba,Metro,Huawei,Tuenti,83
26/4/2010,Cuba,Ripley,Apple,Tuenti,85
25/9/2014,Dinamarca,Ripley,Nokia,Bitel,51
30/11/2010,Estados Unidos,Metro,LG,Claro,45
10/8/2013,Inglaterra,Metro,Samsung,Tuenti,110
11/11/2010,Irlanda,Tottus,LG,Tuenti,199
19/12/2012,Cuba,Oeschle,LG,Bitel,140
11/10/2010,Cuba,Saga Falabella,Nokia,Movistar,2
16/5/2013,Cuba,Ripley,Motorola,Tuenti,43
7/1/2012,Guatemala,Saga Falabella,Apple,Entel,3
16/6/2010,Cuba,Oeschle,Apple,Claro,53
9/7/2011,España,Saga Falabella,Apple,Bitel,1
17/2/2010,Irlanda,Tottus,Nokia,Claro,42
3/2/2010,Suiza,Tottus,LG,Tuenti,28
10/12/2010,Venezuela,Plaza Vea,Huawei,Claro,39
26/1/2014,Inglaterra,Tottus,Huawei,Claro,96
14/5/2011,España,Plaza Vea,Apple,Claro,4
28/4/2010,Paraguay,Ripley,LG,Entel,9
8/3/2010,Dinamarca,Saga Falabella,Apple,Entel,23
22/1/2011,Dinamarca,Metro,Huawei,Movistar,6
23/8/2012,Venezuela,Saga Falabella,Huawei,Tuenti,21
10/3/2014,Dinamarca,Oeschle,LG,Tuenti,88
22/7/2010,Portugal,Plaza Vea,Motorola,Tuenti,111
8/6/2013,México,Saga Falabella,Nokia,Movistar,1
29/11/2010,España,Oeschle,Nokia,Tuenti,249
18/4/2013,Chile,Plaza Vea,Samsung,Claro,67
10/7/2011,Suiza,Tottus,LG,Bitel,87
25/10/2014,Canadá,Plaza Vea,Huawei,Claro,15
19/5/2011,Chile,Metro,Samsung,Entel,9
18/12/2011,Irlanda,Oeschle,LG,Movistar,27
24/2/2013,Irlanda,Plaza Vea,LG,Tuenti,106
28/4/2012,Portugal,Plaza Vea,Motorola,Movistar,1
7/7/2010,Inglaterra,Saga Falabella,LG,Tuenti,14
19/2/2011,Perú,Tottus,LG,Entel,165
21/8/2011,Portugal,Ripley,Samsung,Entel,42
31/8/2014,Inglaterra,Plaza Vea,Motorola,Entel,19
28/12/2010,España,Ripley,Huawei,Claro,9
10/7/2011,Uruguay,Metro,LG,Bitel,46
12/9/2012,Brasil,Ripley,Samsung,Entel,60
14/4/2010,Argentina,Ripley,Nokia,Claro,9
1/12/2010,Suiza,Oeschle,Huawei,Bitel,55
14/4/2012,Venezuela,Oeschle,Samsung,Movistar,37
19/9/2011,Perú,Tottus,Apple,Movistar,57
2/2/2014,Alemania,Ripley,Apple,Movistar,15
11/9/2014,España,Plaza Vea,LG,Entel,31
26/1/2014,Irlanda,Plaza Vea,LG,Tuenti,133
29/5/2011,Irlanda,Plaza Vea,Apple,Entel,86
2/6/2013,Paraguay,Plaza Vea,Huawei,Bitel,54
4/11/2014,Uruguay,Saga Falabella,Samsung,Movistar,5
2/5/2014,Francia,Metro,Apple,Claro,29
3/8/2011,Estados Unidos,Plaza Vea,Samsung,Bitel,21
21/7/2010,Francia,Ripley,LG,Bitel,49
24/11/2014,España,Ripley,Motorola,Claro,2
13/10/2013,Inglaterra,Saga Falabella,Samsung,Bitel,4
13/11/2013,Bolivia,Saga Falabella,Apple,Tuenti,32
12/3/2012,Cuba,Plaza Vea,LG,Bitel,15
11/10/2014,México,Ripley,Samsung,Movistar,19
27/2/2011,México,Saga Falabella,Samsung,Movistar,4
6/10/2014,Dinamarca,Tottus,LG,Claro,26
13/7/2013,Alemania,Saga Falabella,Huawei,Claro,18
27/3/2011,Canadá,Saga Falabella,LG,Tuenti,42
5/12/2014,México,Metro,Motorola,Movistar,24
10/3/2012,México,Tottus,Motorola,Claro,41
21/5/2014,España,Ripley,Motorola,Bitel,56
14/10/2011,Guatemala,Oeschle,Nokia,Entel,88
15/2/2013,Portugal,Ripley,LG,Tuenti,63
9/4/2010,España,Saga Falabella,LG,Movistar,5
21/2/2010,Alemania,Oeschle,Samsung,Movistar,24
12/5/2012,El Salvador,Ripley,LG,Tuenti,83
3/12/2012,Brasil,Tottus,Huawei,Tuenti,26
20/5/2013,Uruguay,Saga Falabella,LG,Movistar,1
22/4/2014,España,Ripley,LG,Claro,17
21/9/2013,Irlanda,Oeschle,Nokia,Tuenti,192
6/12/2012,Brasil,Plaza Vea,Apple,Entel,23
9/3/2013,Francia,Tottus,Apple,Movistar,58
23/1/2012,Canadá,Oeschle,Motorola,Movistar,21
16/12/2010,Colombia,Ripley,Nokia,Tuenti,65
27/12/2013,Suiza,Ripley,Samsung,Movistar,13
11/1/2013,Estados Unidos,Saga Falabella,LG,Tuenti,49
16/4/2011,Inglaterra,Tottus,Huawei,Entel,106
4/10/2012,Uruguay,Ripley,LG,Claro,3
26/5/2014,España,Tottus,LG,Claro,45
9/12/2010,Chile,Plaza Vea,Apple,Movistar,31
8/12/2014,Jamaica,Oeschle,Apple,Bitel,14
8/2/2013,Jamaica,Ripley,Motorola,Bitel,55
19/9/2011,Alemania,Saga Falabella,LG,Bitel,14
5/7/2014,México,Ripley,Nokia,Bitel,30
21/2/2014,Cuba,Plaza Vea,Apple,Claro,4
17/10/2011,Francia,Tottus,LG,Claro,1
4/2/2010,Inglaterra,Metro,Samsung,Tuenti,142
1/7/2013,Colombia,Tottus,LG,Entel,162
14/10/2013,Estados Unidos,Plaza Vea,Apple,Tuenti,185
30/4/2012,Canadá,Tottus,Samsung,Entel,55
9/10/2014,Bolivia,Tottus,Nokia,Movistar,58
11/10/2013,Colombia,Oeschle,Nokia,Entel,124
18/9/2012,Cuba,Ripley,Apple,Claro,34
1/9/2011,Colombia,Tottus,Apple,Tuenti,245
18/8/2010,Estados Unidos,Metro,Huawei,Bitel,71
5/5/2012,Dinamarca,Oeschle,Nokia,Bitel,76
21/7/2010,Argentina,Tottus,Huawei,Movistar,23
17/10/2010,Brasil,Saga Falabella,Huawei,Bitel,29
2/5/2013,Guatemala,Ripley,Apple,Movistar,11
24/12/2014,Portugal,Metro,Huawei,Bitel,70
9/4/2012,Colombia,Metro,Nokia,Movistar,17
9/11/2011,Uruguay,Ripley,Apple,Tuenti,53
23/3/2014,El Salvador,Saga Falabella,LG,Claro,19
6/2/2013,Estados Unidos,Saga Falabella,Huawei,Bitel,4
5/7/2012,Colombia,Saga Falabella,Samsung,Claro,5
10/4/2014,Chile,Oeschle,LG,Bitel,60
28/2/2013,Irlanda,Tottus,LG,Tuenti,212
5/10/2012,El Salvador,Ripley,Apple,Bitel,1
16/9/2013,Francia,Plaza Vea,Huawei,Claro,52
21/5/2010,Colombia,Metro,Huawei,Entel,27
1/2/2012,Canadá,Tottus,LG,Entel,54
17/5/2014,Brasil,Oeschle,Motorola,Tuenti,119
8/1/2011,Brasil,Plaza Vea,Apple,Tuenti,153
11/12/2011,Suiza,Oeschle,Nokia,Claro,64
5/9/2013,Francia,Oeschle,LG,Bitel,91
25/8/2012,Chile,Tottus,Samsung,Movistar,26
19/9/2014,Estados Unidos,Oeschle,Motorola,Bitel,31
17/1/2013,Dinamarca,Ripley,Nokia,Bitel,31
23/10/2010,Dinamarca,Tottus,Motorola,Entel,173
4/11/2012,Jamaica,Plaza Vea,Apple,Bitel,93
10/4/2011,Venezuela,Tottus,Apple,Movistar,30
12/1/2011,Portugal,Saga Falabella,LG,Claro,13
8/6/2011,El Salvador,Metro,Apple,Tuenti,15
5/10/2011,Portugal,Plaza Vea,LG,Entel,112
26/12/2011,Chile,Plaza Vea,Apple,Claro,52
13/7/2012,Francia,Ripley,Motorola,Bitel,15
27/11/2013,Colombia,Plaza Vea,LG,Claro,19
24/2/2011,Canadá,Tottus,Huawei,Movistar,20
14/5/2012,Uruguay,Ripley,Samsung,Movistar,5
22/11/2010,Guatemala,Oeschle,Samsung,Bitel,114
24/2/2011,Bolivia,Ripley,Apple,Entel,66
12/8/2010,Cuba,Plaza Vea,LG,Claro,26
8/2/2011,Francia,Oeschle,Motorola,Tuenti,73
20/9/2014,Alemania,Tottus,LG,Tuenti,27
16/11/2012,Portugal,Metro,Huawei,Tuenti,59
9/11/2014,Guatemala,Plaza Vea,Samsung,Bitel,83
25/2/2010,Cuba,Tottus,Samsung,Bitel,119
3/6/2014,Alemania,Saga Falabella,Samsung,Claro,11
3/11/2013,Bolivia,Oeschle,Samsung,Movistar,37
5/10/2011,Brasil,Metro,Huawei,Bitel,37
8/11/2013,Francia,Ripley,Nokia,Movistar,11
21/9/2013,Perú,Metro,Motorola,Claro,43
21/1/2010,Cuba,Ripley,Apple,Tuenti,25
13/4/2012,El Salvador,Metro,Samsung,Claro,16
20/9/2010,Jamaica,Saga Falabella,Samsung,Tuenti,43
27/6/2014,Bolivia,Tottus,Nokia,Movistar,10
9/5/2013,Estados Unidos,Metro,Apple,Tuenti,89
28/8/2014,Inglaterra,Oeschle,LG,Claro,52
19/6/2011,Portugal,Ripley,Samsung,Tuenti,1
5/11/2013,Uruguay,Saga Falabella,Huawei,Claro,10
20/10/2013,Argentina,Saga Falabella,Apple,Bitel,11
14/4/2012,Perú,Plaza Vea,Motorola,Tuenti,1
4/5/2010,España,Ripley,Samsung,Movistar,5
1/1/2013,Jamaica,Plaza Vea,Huawei,Movistar,23
25/3/2013,Cuba,Saga Falabella,Huawei,Claro,5
16/9/2010,Estados Unidos,Plaza Vea,Apple,Entel,41
18/1/2011,Argentina,Metro,Nokia,Entel,83
21/8/2012,Argentina,Tottus,LG,Bitel,91
2/8/2013,Perú,Tottus,Apple,Entel,47
4/5/2013,Estados Unidos,Ripley,Huawei,Tuenti,66
12/9/2011,El Salvador,Ripley,Samsung,Entel,11
4/1/2012,Brasil,Plaza Vea,Samsung,Movistar,36
6/6/2013,Uruguay,Metro,Huawei,Claro,27
5/6/2010,Dinamarca,Ripley,LG,Movistar,4
23/4/2014,Cuba,Plaza Vea,Nokia,Movistar,26
22/1/2010,Argentina,Saga Falabella,Apple,Claro,18
31/12/2014,Perú,Tottus,Huawei,Entel,140
20/9/2010,Suiza,Oeschle,Samsung,Claro,20
19/5/2010,Suiza,Plaza Vea,Huawei,Tuenti,56
6/4/2012,Chile,Ripley,LG,Entel,75
15/5/2012,Inglaterra,Metro,Samsung,Claro,24
24/10/2012,Guatemala,Ripley,Samsung,Movistar,2
24/11/2011,Cuba,Saga Falabella,LG,Movistar,7
16/1/2013,Chile,Ripley,Motorola,Tuenti,49
3/5/2010,Jamaica,Plaza Vea,Samsung,Movistar,1
27/7/2014,Irlanda,Metro,Motorola,Movistar,18
25/6/2011,Uruguay,Metro,Apple,Tuenti,38
1/6/2010,Guatemala,Oeschle,Apple,Entel,166
6/9/2011,España,Plaza Vea,Apple,Tuenti,166
20/3/2010,México,Plaza Vea,Samsung,Claro,15
22/6/2010,Cuba,Saga Falabella,Samsung,Movistar,4
6/8/2014,Irlanda,Tottus,Apple,Movistar,43
13/5/2010,Cuba,Oeschle,Apple,Tuenti,57
23/9/2013,El Salvador,Plaza Vea,Samsung,Bitel,48
21/6/2012,Colombia,Plaza Vea,Apple,Claro,40
7/5/2012,Guatemala,Tottus,Samsung,Bitel,17
21/8/2014,Venezuela,Tottus,Huawei,Bitel,143
3/9/2011,Chile,Oeschle,LG,Tuenti,135
27/4/2013,Paraguay,Metro,Motorola,Movistar,3
5/10/2012,Estados Unidos,Oeschle,LG,Entel,46
21/11/2013,Guatemala,Metro,Nokia,Entel,89
16/1/2012,Perú,Ripley,LG,Movistar,6
21/3/2010,Brasil,Ripley,Apple,Claro,17
24/5/2013,Canadá,Saga Falabella,Motorola,Claro,5
12/6/2011,Canadá,Tottus,Motorola,Entel,138
25/10/2010,Bolivia,Plaza Vea,LG,Claro,38
4/3/2010,Argentina,Plaza Vea,LG,Claro,57
14/4/2013,México,Oeschle,LG,Bitel,78
31/3/2014,Dinamarca,Metro,Nokia,Bitel,33
14/8/2013,Bolivia,Tottus,Samsung,Entel,34
28/10/2013,Brasil,Ripley,LG,Claro,7
19/3/2014,Uruguay,Plaza Vea,LG,Entel,80
23/6/2011,Inglaterra,Metro,Samsung,Bitel,70
10/8/2013,Venezuela,Metro,Huawei,Claro,8
12/2/2012,Canadá,Tottus,Nokia,Entel,17
10/5/2014,Brasil,Oeschle,Samsung,Entel,181
16/2/2013,El Salvador,Oeschle,Apple,Claro,70
13/12/2010,Venezuela,Tottus,Huawei,Entel,70
21/1/2010,Estados Unidos,Saga Falabella,LG,Tuenti,8
8/5/2014,Canadá,Tottus,Apple,Movistar,27
13/2/2010,Francia,Saga Falabella,Motorola,Bitel,24
21/4/2014,Canadá,Tottus,Apple,Claro,85
5/2/2011,Portugal,Metro,Motorola,Movistar,17
16/8/2013,Chile,Tottus,LG,Claro,94
19/12/2012,Estados Unidos,Plaza Vea,Apple,Bitel,10
18/12/2013,Argentina,Ripley,Motorola,Tuenti,31
15/1/2013,Estados Unidos,Plaza Vea,LG,Bitel,8
1/3/2010,Venezuela,Oeschle,Huawei,Tuenti,5
26/4/2010,Inglaterra,Metro,Apple,Entel,38
2/5/2011,Guatemala,Tottus,Nokia,Bitel,175
27/9/2013,Brasil,Plaza Vea,LG,Entel,126
20/5/2014,Cuba,Tottus,Huawei,Claro,14
6/11/2010,Perú,Ripley,Samsung,Movistar,2
13/6/2014,Canadá,Saga Falabella,Huawei,Bitel,9
23/6/2010,Brasil,Saga Falabella,LG,Movistar,9
17/1/2011,Irlanda,Metro,Motorola,Entel,24
22/12/2012,Dinamarca,Ripley,Apple,Entel,7
5/6/2013,Venezuela,Plaza Vea,Nokia,Entel,64
31/8/2010,Argentina,Metro,LG,Tuenti,107
24/9/2014,Inglaterra,Plaza Vea,Samsung,Movistar,27
26/4/2011,Chile,Metro,Apple,Claro,9
30/5/2014,Argentina,Tottus,Motorola,Entel,233
27/6/2014,Bolivia,Ripley,LG,Entel,64
31/10/2011,México,Ripley,LG,Bitel,34
12/6/2014,Colombia,Oeschle,LG,Entel,88
4/1/2012,Inglaterra,Tottus,Apple,Tuenti,114
3/3/2014,Canadá,Oeschle,Samsung,Movistar,34
9/10/2010,Jamaica,Saga Falabella,Samsung,Claro,1
7/9/2012,Brasil,Metro,Samsung,Bitel,22
2/11/2010,Francia,Oeschle,Huawei,Entel,165
20/3/2010,México,Saga Falabella,Motorola,Entel,22
21/5/2013,Cuba,Tottus,LG,Tuenti,10
23/6/2013,Canadá,Metro,Motorola,Entel,69
11/11/2012,Brasil,Saga Falabella,Apple,Entel,6
7/4/2012,Perú,Plaza Vea,Nokia,Entel,154
27/10/2011,Venezuela,Ripley,Samsung,Claro,12
18/4/2010,Paraguay,Ripley,LG,Bitel,48
15/2/2012,Estados Unidos,Ripley,Samsung,Tuenti,96
26/7/2011,Cuba,Plaza Vea,LG,Bitel,21
17/3/2013,España,Tottus,Motorola,Movistar,4
3/12/2014,Alemania,Oeschle,Nokia,Movistar,42
19/9/2010,Irlanda,Metro,Huawei,Bitel,36
13/6/2012,Argentina,Oeschle,Samsung,Entel,65
13/2/2013,Colombia,Tottus,LG,Tuenti,143
22/5/2014,Alemania,Plaza Vea,Motorola,Movistar,13
11/12/2012,Dinamarca,Saga Falabella,Huawei,Claro,11
8/12/2014,Alemania,Tottus,Nokia,Claro,51
4/2/2010,Bolivia,Metro,LG,Entel,77
3/2/2013,Colombia,Tottus,LG,Bitel,14
23/5/2010,Francia,Ripley,Nokia,Movistar,5
7/11/2014,Inglaterra,Tottus,LG,Claro,116
15/2/2014,México,Metro,Samsung,Bitel,71
19/3/2012,Canadá,Metro,Motorola,Entel,76
28/3/2012,Cuba,Plaza Vea,Samsung,Tuenti,88
27/11/2014,Suiza,Plaza Vea,Samsung,Bitel,107
20/5/2014,Estados Unidos,Metro,Samsung,Bitel,16
20/7/2011,Jamaica,Tottus,Samsung,Entel,173
27/7/2013,Suiza,Saga Falabella,LG,Tuenti,44
29/11/2010,España,Plaza Vea,LG,Movistar,32
11/6/2011,El Salvador,Metro,Huawei,Claro,39
4/10/2010,Bolivia,Saga Falabella,Samsung,Claro,14
17/2/2011,Estados Unidos,Tottus,Huawei,Claro,32
11/5/2010,Cuba,Tottus,Samsung,Bitel,10
11/8/2011,Guatemala,Metro,Nokia,Claro,7
2/1/2011,Uruguay,Tottus,LG,Entel,15
15/11/2010,Suiza,Ripley,Apple,Claro,21
12/9/2014,Bolivia,Metro,Motorola,Bitel,9
31/1/2012,Bolivia,Metro,Samsung,Claro,31
15/6/2010,El Salvador,Ripley,LG,Tuenti,98
10/2/2013,Uruguay,Oeschle,Samsung,Tuenti,69
6/1/2014,Dinamarca,Tottus,Samsung,Bitel,177
1/7/2012,Francia,Saga Falabella,Huawei,Bitel,16
23/9/2012,Brasil,Metro,Nokia,Claro,29
22/8/2012,Uruguay,Oeschle,Apple,Movistar,44
22/7/2010,España,Oeschle,Motorola,Claro,6
23/12/2014,Jamaica,Saga Falabella,Apple,Tuenti,5
23/1/2011,Uruguay,Saga Falabella,Motorola,Claro,1
26/6/2013,Irlanda,Ripley,Apple,Bitel,3
8/12/2013,Inglaterra,Saga Falabella,LG,Tuenti,46
19/6/2014,Francia,Plaza Vea,Motorola,Tuenti,56
18/2/2011,Inglaterra,Metro,Huawei,Entel,69
3/9/2011,El Salvador,Oeschle,LG,Bitel,12
14/11/2012,Paraguay,Ripley,Huawei,Entel,35
31/1/2012,Uruguay,Plaza Vea,LG,Claro,12
13/3/2012,Cuba,Tottus,Huawei,Bitel,30
9/10/2013,Argentina,Ripley,Samsung,Claro,26
11/6/2012,Canadá,Oeschle,Samsung,Tuenti,223
24/10/2014,Jamaica,Metro,LG,Tuenti,35
21/3/2012,España,Oeschle,LG,Entel,4
17/10/2013,Argentina,Tottus,LG,Claro,12
22/5/2010,Perú,Plaza Vea,Apple,Claro,40
15/7/2011,España,Tottus,Nokia,Movistar,36
23/11/2010,Dinamarca,Tottus,Motorola,Movistar,21
5/4/2010,Dinamarca,Metro,LG,Claro,21
1/3/2010,España,Saga Falabella,Huawei,Claro,1
11/2/2011,Portugal,Ripley,Apple,Tuenti,39
1/10/2010,Venezuela,Tottus,Apple,Bitel,66
22/10/2012,Brasil,Saga Falabella,LG,Movistar,6
2/9/2013,Cuba,Oeschle,Huawei,Tuenti,165
10/1/2014,Jamaica,Saga Falabella,Apple,Bitel,1
6/1/2012,Estados Unidos,Tottus,Samsung,Tuenti,270
13/8/2011,Francia,Oeschle,Motorola,Entel,159
2/10/2010,Colombia,Metro,LG,Movistar,17
16/11/2010,Canadá,Saga Falabella,Apple,Claro,17
12/5/2011,Alemania,Metro,Samsung,Bitel,59
16/11/2013,Inglaterra,Metro,Nokia,Movistar,11
25/9/2012,Uruguay,Plaza Vea,Motorola,Claro,61
21/7/2010,El Salvador,Metro,Apple,Movistar,8
4/9/2010,Irlanda,Plaza Vea,Motorola,Tuenti,35
10/7/2013,Venezuela,Plaza Vea,LG,Claro,53
1/9/2012,Uruguay,Metro,Apple,Entel,43
20/12/2011,Argentina,Tottus,LG,Bitel,59
4/9/2013,Dinamarca,Oeschle,Apple,Movistar,1
22/6/2010,España,Saga Falabella,LG,Bitel,19
18/12/2013,Irlanda,Oeschle,Samsung,Tuenti,219
6/4/2012,Irlanda,Tottus,Samsung,Entel,212
26/3/2013,Estados Unidos,Plaza Vea,Huawei,Tuenti,178
31/8/2010,España,Oeschle,LG,Bitel,12
21/5/2013,Uruguay,Tottus,Samsung,Entel,30
19/6/2012,Chile,Metro,LG,Claro,39
16/2/2014,Venezuela,Tottus,Motorola,Entel,175
3/9/2014,Brasil,Plaza Vea,LG,Claro,78
9/8/2010,Perú,Tottus,LG,Claro,52
23/9/2014,Venezuela,Ripley,Apple,Bitel,51
31/8/2014,Alemania,Plaza Vea,LG,Claro,20
21/12/2011,Uruguay,Tottus,Motorola,Entel,41
7/3/2010,Portugal,Ripley,LG,Movistar,12
29/1/2014,Cuba,Metro,Motorola,Entel,92
22/1/2011,Francia,Oeschle,LG,Claro,84
5/7/2012,Guatemala,Tottus,LG,Claro,86
6/4/2010,Dinamarca,Tottus,LG,Bitel,174
8/4/2011,Venezuela,Tottus,Huawei,Entel,28
24/7/2014,Argentina,Metro,Motorola,Claro,59
17/7/2011,México,Metro,Huawei,Movistar,26
30/3/2011,Suiza,Ripley,Apple,Claro,22
24/4/2011,Estados Unidos,Metro,Motorola,Claro,17
19/9/2012,Cuba,Saga Falabella,Samsung,Tuenti,34
20/11/2010,Francia,Metro,LG,Bitel,9
19/3/2014,Dinamarca,Ripley,LG,Entel,55
26/7/2011,Dinamarca,Saga Falabella,Apple,Tuenti,16
1/6/2012,Cuba,Ripley,Huawei,Movistar,5
11/9/2010,Argentina,Metro,LG,Movistar,7
30/6/2013,Chile,Metro,Huawei,Bitel,33
17/1/2010,Estados Unidos,Oeschle,Apple,Tuenti,230
12/11/2013,Estados Unidos,Tottus,Samsung,Claro,17
20/12/2010,Colombia,Metro,Samsung,Bitel,4
13/4/2013,Jamaica,Ripley,Nokia,Claro,23
7/8/2013,Paraguay,Metro,Apple,Bitel,75
3/5/2011,Canadá,Ripley,Samsung,Movistar,12
13/6/2013,Dinamarca,Tottus,Samsung,Claro,7
21/6/2012,Francia,Tottus,LG,Entel,201
30/6/2011,El Salvador,Metro,Samsung,Tuenti,18
2/11/2011,Paraguay,Metro,Apple,Claro,19
19/9/2012,Guatemala,Tottus,Nokia,Entel,19
9/9/2011,España,Ripley,Huawei,Bitel,10
5/6/2011,Cuba,Plaza Vea,LG,Claro,17
26/8/2010,México,Tottus,Huawei,Claro,31
19/9/2011,Argentina,Plaza Vea,Apple,Claro,48
27/4/2014,Canadá,Plaza Vea,Samsung,Movistar,18
11/5/2014,Perú,Tottus,LG,Movistar,24
21/2/2010,Argentina,Ripley,Apple,Entel,70
15/10/2010,Guatemala,Tottus,Samsung,Claro,78
6/6/2012,Alemania,Tottus,Nokia,Claro,107
15/10/2014,Irlanda,Tottus,Huawei,Claro,43
6/6/2014,Alemania,Plaza Vea,Samsung,Entel,108
24/11/2014,España,Ripley,Samsung,Bitel,1
15/10/2014,Suiza,Ripley,Samsung,Tuenti,82
13/3/2012,Perú,Saga Falabella,Nokia,Movistar,1
26/2/2011,Perú,Ripley,Apple,Bitel,27
22/1/2013,Paraguay,Metro,LG,Movistar,1
11/6/2012,Irlanda,Metro,Apple,Movistar,9
5/3/2012,España,Plaza Vea,Huawei,Entel,128
28/4/2013,Guatemala,Metro,Apple,Tuenti,9
1/2/2012,Inglaterra,Saga Falabella,LG,Tuenti,6
6/7/2010,El Salvador,Tottus,Huawei,Tuenti,130
6/9/2011,Canadá,Plaza Vea,LG,Claro,70
14/3/2012,Guatemala,Tottus,Apple,Entel,172
4/7/2013,El Salvador,Ripley,LG,Tuenti,34
17/1/2014,Uruguay,Tottus,Nokia,Entel,209
18/9/2012,Brasil,Oeschle,Motorola,Movistar,3
30/7/2012,Estados Unidos,Tottus,LG,Movistar,2
8/10/2014,Brasil,Saga Falabella,Motorola,Entel,38
8/6/2014,Jamaica,Oeschle,Apple,Claro,81
7/2/2011,Dinamarca,Plaza Vea,LG,Entel,87
12/5/2014,Canadá,Saga Falabella,Nokia,Bitel,4
13/2/2011,Dinamarca,Tottus,Motorola,Tuenti,283
12/11/2012,Uruguay,Ripley,Nokia,Tuenti,24